AdditionalFields,ClientVersion,DeviceId,DeviceName,DeviceObjectId,IsAzureADJoined,LoggedOnUsers,MachineGroup,OSArchitecture,OSBuild,OSPlatform,OSVersion,RegistryDeviceTag,ReportId,TimeGenerated,Timestamp,AadDeviceId,DeviceCategory,DeviceSubtype,DeviceType,JoinType,MergedDeviceIds,MergedToDeviceId,Model,OnboardingStatus,OSDistribution,OSVersionInfo,Vendor,SensorHealthState,IsExcluded,ExclusionReason,AssetValue,ExposureLevel,IsInternetFacing,DeviceManualTags,DeviceDynamicTags,AwsResourceName,GcpFullResourceName,CloudPlatforms,HardwareUuid,HostDeviceId,IsTransient,MitigationStatus,OsBuildRevision,RestrictedDeviceSecurityOperations,SourceSystem,Type
,10.8798.17763.7792,71a0557094bd79802ccb878bb11ac78612973c24,castelblack.north.sevenkingdoms.local,,False,"[{""UserName"":""localuser"",""DomainName"":""CASTELBLACK"",""Sid"":""S-1-5-21-2428024234-3189697923-2318280212-1000""}]",UnassignedGroup,64-bit,17763,WindowsServer2019,10.0,GOADa7ff41-GOAD-SRV02,639032371273562000,2026-01-05T19:07:52.990000Z,2026-01-05T19:07:52.990000Z,,Endpoint,,Server,Domain Joined,,,,Onboarded,WindowsServer2019,1809,,Active,False,,,Medium,,,,,,"[""Arc""]",dd0932af-112f-478a-a873-d64f7666785a,,False,,7792,,,DeviceInfo
,10.8798.17763.7792,536672e83b4ef2f109c5d44e37a947eedcfb6b4b,winterfell.north.sevenkingdoms.local,,False,"[{""UserName"":""localuser"",""DomainName"":""NORTH"",""Sid"":""S-1-5-21-2975077076-1813412092-533620653-1000""}]",UnassignedGroup,64-bit,17763,WindowsServer2019,10.0,GOADa7ff41-GOAD-DC02,639032403112715400,2026-01-05T20:04:07.977000Z,2026-01-05T20:04:07.977000Z,,Endpoint,,Server,Domain Joined,,,,Onboarded,WindowsServer2019,1809,,Active,False,,,Medium,,,,,,"[""Arc""]",b5d0c01c-bf08-4354-8e81-9412ae4ffb7e,,False,,7792,,,DeviceInfo
,10.8798.17763.7792,536672e83b4ef2f109c5d44e37a947eedcfb6b4b,winterfell.north.sevenkingdoms.local,,False,"[{""UserName"":""localuser"",""DomainName"":""NORTH"",""Sid"":""S-1-5-21-2975077076-1813412092-533620653-1000""}]",UnassignedGroup,64-bit,17763,WindowsServer2019,10.0,GOADa7ff41-GOAD-DC02,639032475085907100,2026-01-05T22:04:15.634000Z,2026-01-05T22:04:15.634000Z,,Endpoint,,Server,Domain Joined,,,,Onboarded,WindowsServer2019,1809,,Active,False,,,Medium,,,,,,"[""Arc""]",b5d0c01c-bf08-4354-8e81-9412ae4ffb7e,,False,,7792,,,DeviceInfo
,10.8798.17763.7792,71a0557094bd79802ccb878bb11ac78612973c24,castelblack.north.sevenkingdoms.local,,False,"[{""UserName"":""localuser"",""DomainName"":""CASTELBLACK"",""Sid"":""S-1-5-21-2428024234-3189697923-2318280212-1000""}]",UnassignedGroup,64-bit,17763,WindowsServer2019,10.0,GOADa7ff41-GOAD-SRV02,639032514017324300,2026-01-05T23:08:32.259000Z,2026-01-05T23:08:32.259000Z,,Endpoint,,Server,Domain Joined,,,,Onboarded,WindowsServer2019,1809,,Active,False,,,Medium,,,,,,"[""Arc""]",dd0932af-112f-478a-a873-d64f7666785a,,False,,7792,,,DeviceInfo
,10.8798.17763.7792,71a0557094bd79802ccb878bb11ac78612973c24,castelblack.north.sevenkingdoms.local,,False,"[{""UserName"":""localuser"",""DomainName"":""CASTELBLACK"",""Sid"":""S-1-5-21-2428024234-3189697923-2318280212-1000""}]",UnassignedGroup,64-bit,17763,WindowsServer2019,10.0,GOADa7ff41-GOAD-SRV02,639032582762868400,2026-01-06T01:03:38.443000Z,2026-01-06T01:03:38.443000Z,,Endpoint,,Server,Domain Joined,,,,Onboarded,WindowsServer2019,1809,,Active,False,,,Medium,,,,,,"[""Arc""]",dd0932af-112f-478a-a873-d64f7666785a,,False,,7792,,,DeviceInfo
,10.8798.17763.7792,0220e4c274577c1dba179f1812d031a7757ffaae,kingslanding.sevenkingdoms.local,,False,"[{""UserName"":""localuser"",""DomainName"":""SEVENKINGDOMS"",""Sid"":""S-1-5-21-3730121682-1558260717-1313176974-1000""}]",GOAD,64-bit,17763,WindowsServer2019,10.0,GOADa7ff41-GOAD-DC01,639032599842716300,2026-01-06T01:32:43.847000Z,2026-01-06T01:32:43.847000Z,,Endpoint,,Server,Domain Joined,,,,Onboarded,WindowsServer2019,1809,,Active,False,,,Medium,,,,,,"[""Arc""]",e0790d1a-da7c-44af-82e6-7ba7ca1d5359,,False,,7792,,,DeviceInfo
,10.8798.17763.7792,71a0557094bd79802ccb878bb11ac78612973c24,castelblack.north.sevenkingdoms.local,,False,"[{""UserName"":""localuser"",""DomainName"":""CASTELBLACK"",""Sid"":""S-1-5-21-2428024234-3189697923-2318280212-1000""}]",UnassignedGroup,64-bit,17763,WindowsServer2019,10.0,GOADa7ff41-GOAD-SRV02,639032654926041500,2026-01-06T03:03:46.223000Z,2026-01-06T03:03:46.223000Z,,Endpoint,,Server,Domain Joined,,,,Onboarded,WindowsServer2019,1809,,Active,False,,,Medium,,,,,,"[""Arc""]",dd0932af-112f-478a-a873-d64f7666785a,,False,,7792,,,DeviceInfo
,10.8798.17763.7792,0220e4c274577c1dba179f1812d031a7757ffaae,kingslanding.sevenkingdoms.local,,False,"[{""UserName"":""localuser"",""DomainName"":""SEVENKINGDOMS"",""Sid"":""S-1-5-21-3730121682-1558260717-1313176974-1000""}]",GOAD,64-bit,17763,WindowsServer2019,10.0,GOADa7ff41-GOAD-DC01,639032383828428500,2026-01-05T19:32:19.971000Z,2026-01-05T19:32:19.971000Z,,Endpoint,,Server,Domain Joined,,,,Onboarded,WindowsServer2019,1809,,Active,False,,,Medium,,,,,,"[""Arc""]",e0790d1a-da7c-44af-82e6-7ba7ca1d5359,,False,,7792,,,DeviceInfo
,10.8798.17763.7792,536672e83b4ef2f109c5d44e37a947eedcfb6b4b,winterfell.north.sevenkingdoms.local,,False,"[{""UserName"":""localuser"",""DomainName"":""NORTH"",""Sid"":""S-1-5-21-2975077076-1813412092-533620653-1000""}]",UnassignedGroup,64-bit,17763,WindowsServer2019,10.0,GOADa7ff41-GOAD-DC02,639032438921605800,2026-01-05T21:04:13.734000Z,2026-01-05T21:04:13.734000Z,,Endpoint,,Server,Domain Joined,,,,Onboarded,WindowsServer2019,1809,,Active,False,,,Medium,,,,,,"[""Arc""]",b5d0c01c-bf08-4354-8e81-9412ae4ffb7e,,False,,7792,,,DeviceInfo
,10.8798.17763.7792,536672e83b4ef2f109c5d44e37a947eedcfb6b4b,winterfell.north.sevenkingdoms.local,,False,"[{""UserName"":""localuser"",""DomainName"":""NORTH"",""Sid"":""S-1-5-21-2975077076-1813412092-533620653-1000""}]",UnassignedGroup,64-bit,17763,WindowsServer2019,10.0,GOADa7ff41-GOAD-DC02,639032365922491100,2026-01-05T19:02:04.046000Z,2026-01-05T19:02:04.046000Z,,Endpoint,,Server,Domain Joined,,,,Onboarded,WindowsServer2019,1809,,Active,False,,,Medium,,,,,,"[""Arc""]",b5d0c01c-bf08-4354-8e81-9412ae4ffb7e,,False,,7792,,,DeviceInfo
,10.8798.17763.7792,0220e4c274577c1dba179f1812d031a7757ffaae,kingslanding.sevenkingdoms.local,,False,"[{""UserName"":""localuser"",""DomainName"":""SEVENKINGDOMS"",""Sid"":""S-1-5-21-3730121682-1558260717-1313176974-1000""}]",GOAD,64-bit,17763,WindowsServer2019,10.0,GOADa7ff41-GOAD-DC01,639032708533704200,2026-01-06T04:33:05.224000Z,2026-01-06T04:33:05.224000Z,,Endpoint,,Server,Domain Joined,,,,Onboarded,WindowsServer2019,1809,,Active,False,,,Medium,,,,,,"[""Arc""]",e0790d1a-da7c-44af-82e6-7ba7ca1d5359,,False,,7792,,,DeviceInfo
,10.8798.17763.7792,71a0557094bd79802ccb878bb11ac78612973c24,castelblack.north.sevenkingdoms.local,,False,"[{""UserName"":""localuser"",""DomainName"":""CASTELBLACK"",""Sid"":""S-1-5-21-2428024234-3189697923-2318280212-1000""}]",UnassignedGroup,64-bit,17763,WindowsServer2019,10.0,GOADa7ff41-GOAD-SRV02,639032441564784400,2026-01-05T21:08:20.802000Z,2026-01-05T21:08:20.802000Z,,Endpoint,,Server,Domain Joined,,,,Onboarded,WindowsServer2019,1809,,Active,False,,,Medium,,,,,,"[""Arc""]",dd0932af-112f-478a-a873-d64f7666785a,,False,,7792,,,DeviceInfo
,10.8798.17763.7792,71a0557094bd79802ccb878bb11ac78612973c24,castelblack.north.sevenkingdoms.local,,False,"[{""UserName"":""localuser"",""DomainName"":""CASTELBLACK"",""Sid"":""S-1-5-21-2428024234-3189697923-2318280212-1000""}]",UnassignedGroup,64-bit,17763,WindowsServer2019,10.0,GOADa7ff41-GOAD-SRV02,639032405402423800,2026-01-05T20:08:12.475000Z,2026-01-05T20:08:12.475000Z,,Endpoint,,Server,Domain Joined,,,,Onboarded,WindowsServer2019,1809,,Active,False,,,Medium,,,,,,"[""Arc""]",dd0932af-112f-478a-a873-d64f7666785a,,False,,7792,,,DeviceInfo
,10.8798.17763.7792,0220e4c274577c1dba179f1812d031a7757ffaae,kingslanding.sevenkingdoms.local,,False,"[{""UserName"":""localuser"",""DomainName"":""SEVENKINGDOMS"",""Sid"":""S-1-5-21-3730121682-1558260717-1313176974-1000""}]",GOAD,64-bit,17763,WindowsServer2019,10.0,GOADa7ff41-GOAD-DC01,639032456007627000,2026-01-05T21:32:25.622000Z,2026-01-05T21:32:25.622000Z,,Endpoint,,Server,Domain Joined,,,,Onboarded,WindowsServer2019,1809,,Active,False,,,Medium,,,,,,"[""Arc""]",e0790d1a-da7c-44af-82e6-7ba7ca1d5359,,False,,7792,,,DeviceInfo
,10.8798.17763.7792,0220e4c274577c1dba179f1812d031a7757ffaae,kingslanding.sevenkingdoms.local,,False,"[{""UserName"":""localuser"",""DomainName"":""SEVENKINGDOMS"",""Sid"":""S-1-5-21-3730121682-1558260717-1313176974-1000""}]",GOAD,64-bit,17763,WindowsServer2019,10.0,GOADa7ff41-GOAD-DC01,639032420165121000,2026-01-05T20:32:22.034000Z,2026-01-05T20:32:22.034000Z,,Endpoint,,Server,Domain Joined,,,,Onboarded,WindowsServer2019,1809,,Active,False,,,Medium,,,,,,"[""Arc""]",e0790d1a-da7c-44af-82e6-7ba7ca1d5359,,False,,7792,,,DeviceInfo
,10.8798.17763.7792,536672e83b4ef2f109c5d44e37a947eedcfb6b4b,winterfell.north.sevenkingdoms.local,,False,"[{""UserName"":""localuser"",""DomainName"":""NORTH"",""Sid"":""S-1-5-21-2975077076-1813412092-533620653-1000""}]",UnassignedGroup,64-bit,17763,WindowsServer2019,10.0,GOADa7ff41-GOAD-DC02,639032769434876300,2026-01-06T06:14:55.224000Z,2026-01-06T06:14:55.224000Z,,Endpoint,,Server,Domain Joined,,,,Onboarded,WindowsServer2019,1809,,Active,False,,,Medium,,,,,,"[""Arc""]",b5d0c01c-bf08-4354-8e81-9412ae4ffb7e,,False,,7792,,,DeviceInfo
,10.8798.17763.7792,0220e4c274577c1dba179f1812d031a7757ffaae,kingslanding.sevenkingdoms.local,,False,"[{""UserName"":""localuser"",""DomainName"":""SEVENKINGDOMS"",""Sid"":""S-1-5-21-3730121682-1558260717-1313176974-1000""}]",GOAD,64-bit,17763,WindowsServer2019,10.0,GOADa7ff41-GOAD-DC01,639032491961488600,2026-01-05T22:32:27.457000Z,2026-01-05T22:32:27.457000Z,,Endpoint,,Server,Domain Joined,,,,Onboarded,WindowsServer2019,1809,,Active,False,,,Medium,,,,,,"[""Arc""]",e0790d1a-da7c-44af-82e6-7ba7ca1d5359,,False,,7792,,,DeviceInfo
,10.8798.17763.7792,0220e4c274577c1dba179f1812d031a7757ffaae,kingslanding.sevenkingdoms.local,,False,"[{""UserName"":""localuser"",""DomainName"":""SEVENKINGDOMS"",""Sid"":""S-1-5-21-3730121682-1558260717-1313176974-1000""}]",GOAD,64-bit,17763,WindowsServer2019,10.0,GOADa7ff41-GOAD-DC01,639032780599350400,2026-01-06T06:33:13.818000Z,2026-01-06T06:33:13.818000Z,,Endpoint,,Server,Domain Joined,,,,Onboarded,WindowsServer2019,1809,,Active,False,,,Medium,,,,,,"[""Arc""]",e0790d1a-da7c-44af-82e6-7ba7ca1d5359,,False,,7792,,,DeviceInfo
,10.8798.17763.7792,71a0557094bd79802ccb878bb11ac78612973c24,castelblack.north.sevenkingdoms.local,,False,"[{""UserName"":""localuser"",""DomainName"":""CASTELBLACK"",""Sid"":""S-1-5-21-2428024234-3189697923-2318280212-1000""}]",UnassignedGroup,64-bit,17763,WindowsServer2019,10.0,GOADa7ff41-GOAD-SRV02,639032477710412800,2026-01-05T22:08:24.608000Z,2026-01-05T22:08:24.608000Z,,Endpoint,,Server,Domain Joined,,,,Onboarded,WindowsServer2019,1809,,Active,False,,,Medium,,,,,,"[""Arc""]",dd0932af-112f-478a-a873-d64f7666785a,,False,,7792,,,DeviceInfo
,10.8798.17763.7792,536672e83b4ef2f109c5d44e37a947eedcfb6b4b,winterfell.north.sevenkingdoms.local,,False,"[{""UserName"":""localuser"",""DomainName"":""NORTH"",""Sid"":""S-1-5-21-2975077076-1813412092-533620653-1000""}]",UnassignedGroup,64-bit,17763,WindowsServer2019,10.0,GOADa7ff41-GOAD-DC02,639032511123387100,2026-01-05T23:04:18.996000Z,2026-01-05T23:04:18.996000Z,,Endpoint,,Server,Domain Joined,,,,Onboarded,WindowsServer2019,1809,,Active,False,,,Medium,,,,,,"[""Arc""]",b5d0c01c-bf08-4354-8e81-9412ae4ffb7e,,False,,7792,,,DeviceInfo
,10.8798.17763.7792,0220e4c274577c1dba179f1812d031a7757ffaae,kingslanding.sevenkingdoms.local,,False,"[{""UserName"":""localuser"",""DomainName"":""SEVENKINGDOMS"",""Sid"":""S-1-5-21-3730121682-1558260717-1313176974-1000""}]",GOAD,64-bit,17763,WindowsServer2019,10.0,GOADa7ff41-GOAD-DC01,639032528020626800,2026-01-05T23:32:34.679000Z,2026-01-05T23:32:34.679000Z,,Endpoint,,Server,Domain Joined,,,,Onboarded,WindowsServer2019,1809,,Active,False,,,Medium,,,,,,"[""Arc""]",e0790d1a-da7c-44af-82e6-7ba7ca1d5359,,False,,7792,,,DeviceInfo
,10.8798.17763.7792,536672e83b4ef2f109c5d44e37a947eedcfb6b4b,winterfell.north.sevenkingdoms.local,,False,"[{""UserName"":""localuser"",""DomainName"":""NORTH"",""Sid"":""S-1-5-21-2975077076-1813412092-533620653-1000""}]",UnassignedGroup,64-bit,17763,WindowsServer2019,10.0,GOADa7ff41-GOAD-DC02,639032557717359600,2026-01-06T00:12:56.356000Z,2026-01-06T00:12:56.356000Z,,Endpoint,,Server,Domain Joined,,,,Onboarded,WindowsServer2019,1809,,Active,False,,,Medium,,,,,,"[""Arc""]",b5d0c01c-bf08-4354-8e81-9412ae4ffb7e,,False,,7792,,,DeviceInfo
,10.8798.17763.7792,0220e4c274577c1dba179f1812d031a7757ffaae,kingslanding.sevenkingdoms.local,,False,"[{""UserName"":""localuser"",""DomainName"":""SEVENKINGDOMS"",""Sid"":""S-1-5-21-3730121682-1558260717-1313176974-1000""}]",GOAD,64-bit,17763,WindowsServer2019,10.0,GOADa7ff41-GOAD-DC01,639032564243591400,2026-01-06T00:32:37.416000Z,2026-01-06T00:32:37.416000Z,,Endpoint,,Server,Domain Joined,,,,Onboarded,WindowsServer2019,1809,,Active,False,,,Medium,,,,,,"[""Arc""]",e0790d1a-da7c-44af-82e6-7ba7ca1d5359,,False,,7792,,,DeviceInfo
,10.8798.17763.7792,536672e83b4ef2f109c5d44e37a947eedcfb6b4b,winterfell.north.sevenkingdoms.local,,False,"[{""UserName"":""localuser"",""DomainName"":""NORTH"",""Sid"":""S-1-5-21-2975077076-1813412092-533620653-1000""}]",UnassignedGroup,64-bit,17763,WindowsServer2019,10.0,GOADa7ff41-GOAD-DC02,639032547010355600,2026-01-06T00:04:22.330000Z,2026-01-06T00:04:22.330000Z,,Endpoint,,Server,Domain Joined,,,,Onboarded,WindowsServer2019,1809,,Active,False,,,Medium,,,,,,"[""Arc""]",b5d0c01c-bf08-4354-8e81-9412ae4ffb7e,,False,,7792,,,DeviceInfo
,10.8798.17763.7792,71a0557094bd79802ccb878bb11ac78612973c24,castelblack.north.sevenkingdoms.local,,False,"[{""UserName"":""localuser"",""DomainName"":""CASTELBLACK"",""Sid"":""S-1-5-21-2428024234-3189697923-2318280212-1000""}]",UnassignedGroup,64-bit,17763,WindowsServer2019,10.0,GOADa7ff41-GOAD-SRV02,639032835806555000,2026-01-06T08:04:34.675000Z,2026-01-06T08:04:34.675000Z,,Endpoint,,Server,Domain Joined,,,,Onboarded,WindowsServer2019,1809,,Active,False,,,Medium,,,,,,"[""Arc""]",dd0932af-112f-478a-a873-d64f7666785a,,False,,7792,,,DeviceInfo
,10.8798.17763.7792,71a0557094bd79802ccb878bb11ac78612973c24,castelblack.north.sevenkingdoms.local,,False,"[{""UserName"":""localuser"",""DomainName"":""CASTELBLACK"",""Sid"":""S-1-5-21-2428024234-3189697923-2318280212-1000""}]",UnassignedGroup,64-bit,17763,WindowsServer2019,10.0,GOADa7ff41-GOAD-SRV02,639032549591563100,2026-01-06T00:03:34.127000Z,2026-01-06T00:03:34.127000Z,,Endpoint,,Server,Domain Joined,,,,Onboarded,WindowsServer2019,1809,,Active,False,,,Medium,,,,,,"[""Arc""]",dd0932af-112f-478a-a873-d64f7666785a,,False,,7792,,,DeviceInfo
,10.8798.17763.7792,536672e83b4ef2f109c5d44e37a947eedcfb6b4b,winterfell.north.sevenkingdoms.local,,False,"[{""UserName"":""localuser"",""DomainName"":""NORTH"",""Sid"":""S-1-5-21-2975077076-1813412092-533620653-1000""}]",UnassignedGroup,64-bit,17763,WindowsServer2019,10.0,GOADa7ff41-GOAD-DC02,639032625193033000,2026-01-06T02:14:26.603000Z,2026-01-06T02:14:26.603000Z,,Endpoint,,Server,Domain Joined,,,,Onboarded,WindowsServer2019,1809,,Active,False,,,Medium,,,,,,"[""Arc""]",b5d0c01c-bf08-4354-8e81-9412ae4ffb7e,,False,,7792,,,DeviceInfo
,10.8798.17763.7792,536672e83b4ef2f109c5d44e37a947eedcfb6b4b,winterfell.north.sevenkingdoms.local,,False,"[{""UserName"":""localuser"",""DomainName"":""NORTH"",""Sid"":""S-1-5-21-2975077076-1813412092-533620653-1000""}]",UnassignedGroup,64-bit,17763,WindowsServer2019,10.0,GOADa7ff41-GOAD-DC02,639032661365509200,2026-01-06T03:14:30.996000Z,2026-01-06T03:14:30.996000Z,,Endpoint,,Server,Domain Joined,,,,Onboarded,WindowsServer2019,1809,,Active,False,,,Medium,,,,,,"[""Arc""]",b5d0c01c-bf08-4354-8e81-9412ae4ffb7e,,False,,7792,,,DeviceInfo
,10.8798.17763.7792,71a0557094bd79802ccb878bb11ac78612973c24,castelblack.north.sevenkingdoms.local,,False,"[{""UserName"":""localuser"",""DomainName"":""CASTELBLACK"",""Sid"":""S-1-5-21-2428024234-3189697923-2318280212-1000""}]",UnassignedGroup,64-bit,17763,WindowsServer2019,10.0,GOADa7ff41-GOAD-SRV02,639032619143306500,2026-01-06T02:03:41.010000Z,2026-01-06T02:03:41.010000Z,,Endpoint,,Server,Domain Joined,,,,Onboarded,WindowsServer2019,1809,,Active,False,,,Medium,,,,,,"[""Arc""]",dd0932af-112f-478a-a873-d64f7666785a,,False,,7792,,,DeviceInfo
,10.8798.17763.7792,536672e83b4ef2f109c5d44e37a947eedcfb6b4b,winterfell.north.sevenkingdoms.local,,False,"[{""UserName"":""localuser"",""DomainName"":""NORTH"",""Sid"":""S-1-5-21-2975077076-1813412092-533620653-1000""}]",UnassignedGroup,64-bit,17763,WindowsServer2019,10.0,GOADa7ff41-GOAD-DC02,639032589252915700,2026-01-06T01:14:24.698000Z,2026-01-06T01:14:24.698000Z,,Endpoint,,Server,Domain Joined,,,,Onboarded,WindowsServer2019,1809,,Active,False,,,Medium,,,,,,"[""Arc""]",b5d0c01c-bf08-4354-8e81-9412ae4ffb7e,,False,,7792,,,DeviceInfo
,10.8798.17763.7792,0220e4c274577c1dba179f1812d031a7757ffaae,kingslanding.sevenkingdoms.local,,False,"[{""UserName"":""localuser"",""DomainName"":""SEVENKINGDOMS"",""Sid"":""S-1-5-21-3730121682-1558260717-1313176974-1000""}]",GOAD,64-bit,17763,WindowsServer2019,10.0,GOADa7ff41-GOAD-DC01,639032636281036300,2026-01-06T02:32:49.461000Z,2026-01-06T02:32:49.461000Z,,Endpoint,,Server,Domain Joined,,,,Onboarded,WindowsServer2019,1809,,Active,False,,,Medium,,,,,,"[""Arc""]",e0790d1a-da7c-44af-82e6-7ba7ca1d5359,,False,,7792,,,DeviceInfo
,10.8798.17763.7792,71a0557094bd79802ccb878bb11ac78612973c24,castelblack.north.sevenkingdoms.local,,False,"[{""UserName"":""localuser"",""DomainName"":""CASTELBLACK"",""Sid"":""S-1-5-21-2428024234-3189697923-2318280212-1000""}]",UnassignedGroup,64-bit,17763,WindowsServer2019,10.0,GOADa7ff41-GOAD-SRV02,639032882274431000,2026-01-06T09:07:52.997000Z,2026-01-06T09:07:52.997000Z,,Endpoint,,Server,Domain Joined,,,,Onboarded,WindowsServer2019,1809,,Active,False,,,Medium,,,,,,"[""Arc""]",dd0932af-112f-478a-a873-d64f7666785a,,False,,7792,,,DeviceInfo
,10.8798.17763.7792,0220e4c274577c1dba179f1812d031a7757ffaae,kingslanding.sevenkingdoms.local,,False,"[{""UserName"":""localuser"",""DomainName"":""SEVENKINGDOMS"",""Sid"":""S-1-5-21-3730121682-1558260717-1313176974-1000""}]",GOAD,64-bit,17763,WindowsServer2019,10.0,GOADa7ff41-GOAD-DC01,639032672411977000,2026-01-06T03:32:53.679000Z,2026-01-06T03:32:53.679000Z,,Endpoint,,Server,Domain Joined,,,,Onboarded,WindowsServer2019,1809,,Active,False,,,Medium,,,,,,"[""Arc""]",e0790d1a-da7c-44af-82e6-7ba7ca1d5359,,False,,7792,,,DeviceInfo
,10.8798.17763.7792,536672e83b4ef2f109c5d44e37a947eedcfb6b4b,winterfell.north.sevenkingdoms.local,,False,"[{""UserName"":""localuser"",""DomainName"":""NORTH"",""Sid"":""S-1-5-21-2975077076-1813412092-533620653-1000""}]",UnassignedGroup,64-bit,17763,WindowsServer2019,10.0,GOADa7ff41-GOAD-DC02,639032697336176900,2026-01-06T04:14:37.008000Z,2026-01-06T04:14:37.008000Z,,Endpoint,,Server,Domain Joined,,,,Onboarded,WindowsServer2019,1809,,Active,False,,,Medium,,,,,,"[""Arc""]",b5d0c01c-bf08-4354-8e81-9412ae4ffb7e,,False,,7792,,,DeviceInfo
,10.8798.17763.7792,0220e4c274577c1dba179f1812d031a7757ffaae,kingslanding.sevenkingdoms.local,,False,"[{""UserName"":""localuser"",""DomainName"":""SEVENKINGDOMS"",""Sid"":""S-1-5-21-3730121682-1558260717-1313176974-1000""}]",GOAD,64-bit,17763,WindowsServer2019,10.0,GOADa7ff41-GOAD-DC01,639032744486230100,2026-01-06T05:33:08.577000Z,2026-01-06T05:33:08.577000Z,,Endpoint,,Server,Domain Joined,,,,Onboarded,WindowsServer2019,1809,,Active,False,,,Medium,,,,,,"[""Arc""]",e0790d1a-da7c-44af-82e6-7ba7ca1d5359,,False,,7792,,,DeviceInfo
,10.8798.17763.7792,71a0557094bd79802ccb878bb11ac78612973c24,castelblack.north.sevenkingdoms.local,,False,"[{""UserName"":""localuser"",""DomainName"":""CASTELBLACK"",""Sid"":""S-1-5-21-2428024234-3189697923-2318280212-1000""}]",UnassignedGroup,64-bit,17763,WindowsServer2019,10.0,GOADa7ff41-GOAD-SRV02,639032690707700000,2026-01-06T04:03:59.645000Z,2026-01-06T04:03:59.645000Z,,Endpoint,,Server,Domain Joined,,,,Onboarded,WindowsServer2019,1809,,Active,False,,,Medium,,,,,,"[""Arc""]",dd0932af-112f-478a-a873-d64f7666785a,,False,,7792,,,DeviceInfo
,10.8798.17763.7792,71a0557094bd79802ccb878bb11ac78612973c24,castelblack.north.sevenkingdoms.local,,False,"[{""UserName"":""localuser"",""DomainName"":""CASTELBLACK"",""Sid"":""S-1-5-21-2428024234-3189697923-2318280212-1000""}]",UnassignedGroup,64-bit,17763,WindowsServer2019,10.0,GOADa7ff41-GOAD-SRV02,639032762748427500,2026-01-06T06:04:11.784000Z,2026-01-06T06:04:11.784000Z,,Endpoint,,Server,Domain Joined,,,,Onboarded,WindowsServer2019,1809,,Active,False,,,Medium,,,,,,"[""Arc""]",dd0932af-112f-478a-a873-d64f7666785a,,False,,7792,,,DeviceInfo
,10.8798.17763.7792,536672e83b4ef2f109c5d44e37a947eedcfb6b4b,winterfell.north.sevenkingdoms.local,,False,"[{""UserName"":""localuser"",""DomainName"":""NORTH"",""Sid"":""S-1-5-21-2975077076-1813412092-533620653-1000""}]",UnassignedGroup,64-bit,17763,WindowsServer2019,10.0,GOADa7ff41-GOAD-DC02,639032733624223400,2026-01-06T05:14:46.923000Z,2026-01-06T05:14:46.923000Z,,Endpoint,,Server,Domain Joined,,,,Onboarded,WindowsServer2019,1809,,Active,False,,,Medium,,,,,,"[""Arc""]",b5d0c01c-bf08-4354-8e81-9412ae4ffb7e,,False,,7792,,,DeviceInfo
,10.8798.17763.7792,71a0557094bd79802ccb878bb11ac78612973c24,castelblack.north.sevenkingdoms.local,,False,"[{""UserName"":""localuser"",""DomainName"":""CASTELBLACK"",""Sid"":""S-1-5-21-2428024234-3189697923-2318280212-1000""}]",UnassignedGroup,64-bit,17763,WindowsServer2019,10.0,GOADa7ff41-GOAD-SRV02,639032726921984100,2026-01-06T05:04:05.527000Z,2026-01-06T05:04:05.527000Z,,Endpoint,,Server,Domain Joined,,,,Onboarded,WindowsServer2019,1809,,Active,False,,,Medium,,,,,,"[""Arc""]",dd0932af-112f-478a-a873-d64f7666785a,,False,,7792,,,DeviceInfo
,10.8798.17763.7792,0220e4c274577c1dba179f1812d031a7757ffaae,kingslanding.sevenkingdoms.local,,False,"[{""UserName"":""localuser"",""DomainName"":""SEVENKINGDOMS"",""Sid"":""S-1-5-21-3730121682-1558260717-1313176974-1000""}]",GOAD,64-bit,17763,WindowsServer2019,10.0,GOADa7ff41-GOAD-DC01,639032816088457200,2026-01-06T07:33:18.063000Z,2026-01-06T07:33:18.063000Z,,Endpoint,,Server,Domain Joined,,,,Onboarded,WindowsServer2019,1809,,Active,False,,,Medium,,,,,,"[""Arc""]",e0790d1a-da7c-44af-82e6-7ba7ca1d5359,,False,,7792,,,DeviceInfo
,10.8798.17763.7792,71a0557094bd79802ccb878bb11ac78612973c24,castelblack.north.sevenkingdoms.local,,False,"[{""UserName"":""localuser"",""DomainName"":""CASTELBLACK"",""Sid"":""S-1-5-21-2428024234-3189697923-2318280212-1000""}]",UnassignedGroup,64-bit,17763,WindowsServer2019,10.0,GOADa7ff41-GOAD-SRV02,639032798948134900,2026-01-06T07:04:24.870000Z,2026-01-06T07:04:24.870000Z,,Endpoint,,Server,Domain Joined,,,,Onboarded,WindowsServer2019,1809,,Active,False,,,Medium,,,,,,"[""Arc""]",dd0932af-112f-478a-a873-d64f7666785a,,False,,7792,,,DeviceInfo
,10.8798.17763.7792,536672e83b4ef2f109c5d44e37a947eedcfb6b4b,winterfell.north.sevenkingdoms.local,,False,"[{""UserName"":""localuser"",""DomainName"":""NORTH"",""Sid"":""S-1-5-21-2975077076-1813412092-533620653-1000""}]",UnassignedGroup,64-bit,17763,WindowsServer2019,10.0,GOADa7ff41-GOAD-DC02,639032805316377000,2026-01-06T07:14:58.626000Z,2026-01-06T07:14:58.626000Z,,Endpoint,,Server,Domain Joined,,,,Onboarded,WindowsServer2019,1809,,Active,False,,,Medium,,,,,,"[""Arc""]",b5d0c01c-bf08-4354-8e81-9412ae4ffb7e,,False,,7792,,,DeviceInfo
,10.8798.17763.7792,0220e4c274577c1dba179f1812d031a7757ffaae,kingslanding.sevenkingdoms.local,,False,"[{""UserName"":""localuser"",""DomainName"":""SEVENKINGDOMS"",""Sid"":""S-1-5-21-3730121682-1558260717-1313176974-1000""}]",GOAD,64-bit,17763,WindowsServer2019,10.0,GOADa7ff41-GOAD-DC01,639033030594022100,2026-01-06T13:29:34.376000Z,2026-01-06T13:29:34.376000Z,,Endpoint,,Server,Domain Joined,,,,Onboarded,WindowsServer2019,1809,,Active,False,,,Medium,,,,,,"[""Arc""]",e0790d1a-da7c-44af-82e6-7ba7ca1d5359,,False,,7792,,,DeviceInfo
,10.8798.17763.7792,536672e83b4ef2f109c5d44e37a947eedcfb6b4b,winterfell.north.sevenkingdoms.local,,False,"[{""UserName"":""localuser"",""DomainName"":""NORTH"",""Sid"":""S-1-5-21-2975077076-1813412092-533620653-1000""}]",UnassignedGroup,64-bit,17763,WindowsServer2019,10.0,GOADa7ff41-GOAD-DC02,639033030917535900,2026-01-06T13:31:07.053000Z,2026-01-06T13:31:07.053000Z,,Endpoint,,Server,Domain Joined,,,,Onboarded,WindowsServer2019,1809,,Active,False,,,Medium,,,,,,"[""Arc""]",b5d0c01c-bf08-4354-8e81-9412ae4ffb7e,,False,,7792,,,DeviceInfo
,10.8798.17763.7792,536672e83b4ef2f109c5d44e37a947eedcfb6b4b,winterfell.north.sevenkingdoms.local,,False,"[{""UserName"":""localuser"",""DomainName"":""NORTH"",""Sid"":""S-1-5-21-2975077076-1813412092-533620653-1000""}]",UnassignedGroup,64-bit,17763,WindowsServer2019,10.0,GOADa7ff41-GOAD-DC02,639032841526340400,2026-01-06T08:15:04.038000Z,2026-01-06T08:15:04.038000Z,,Endpoint,,Server,Domain Joined,,,,Onboarded,WindowsServer2019,1809,,Active,False,,,Medium,,,,,,"[""Arc""]",b5d0c01c-bf08-4354-8e81-9412ae4ffb7e,,False,,7792,,,DeviceInfo
,10.8798.17763.7792,536672e83b4ef2f109c5d44e37a947eedcfb6b4b,winterfell.north.sevenkingdoms.local,,False,"[{""UserName"":""localuser"",""DomainName"":""NORTH"",""Sid"":""S-1-5-21-2975077076-1813412092-533620653-1000""}]",UnassignedGroup,64-bit,17763,WindowsServer2019,10.0,GOADa7ff41-GOAD-DC02,639032887998838500,2026-01-06T09:27:56.361000Z,2026-01-06T09:27:56.361000Z,,Endpoint,,Server,Domain Joined,,,,Onboarded,WindowsServer2019,1809,,Active,False,,,Medium,,,,,,"[""Arc""]",b5d0c01c-bf08-4354-8e81-9412ae4ffb7e,,False,,7792,,,DeviceInfo
,10.8798.17763.7792,0220e4c274577c1dba179f1812d031a7757ffaae,kingslanding.sevenkingdoms.local,,False,"[{""UserName"":""localuser"",""DomainName"":""SEVENKINGDOMS"",""Sid"":""S-1-5-21-3730121682-1558260717-1313176974-1000""}]",GOAD,64-bit,17763,WindowsServer2019,10.0,GOADa7ff41-GOAD-DC01,639032888188419600,2026-01-06T09:07:19.312000Z,2026-01-06T09:07:19.312000Z,,Endpoint,,Server,Domain Joined,,,,Onboarded,WindowsServer2019,1809,,Active,False,,,Medium,,,,,,"[""Arc""]",e0790d1a-da7c-44af-82e6-7ba7ca1d5359,,False,,7792,,,DeviceInfo
,10.8798.17763.7792,0220e4c274577c1dba179f1812d031a7757ffaae,kingslanding.sevenkingdoms.local,,False,"[{""UserName"":""localuser"",""DomainName"":""SEVENKINGDOMS"",""Sid"":""S-1-5-21-3730121682-1558260717-1313176974-1000""}]",GOAD,64-bit,17763,WindowsServer2019,10.0,GOADa7ff41-GOAD-DC01,639032854670693200,2026-01-06T08:33:26.820000Z,2026-01-06T08:33:26.820000Z,,Endpoint,,Server,Domain Joined,,,,Onboarded,WindowsServer2019,1809,,Active,False,,,Medium,,,,,,"[""Arc""]",e0790d1a-da7c-44af-82e6-7ba7ca1d5359,,False,,7792,,,DeviceInfo
,10.8798.17763.7792,71a0557094bd79802ccb878bb11ac78612973c24,castelblack.north.sevenkingdoms.local,,False,"[{""UserName"":""localuser"",""DomainName"":""CASTELBLACK"",""Sid"":""S-1-5-21-2428024234-3189697923-2318280212-1000""}]",UnassignedGroup,64-bit,17763,WindowsServer2019,10.0,GOADa7ff41-GOAD-SRV02,639033052071779600,2026-01-06T14:05:47.955000Z,2026-01-06T14:05:47.955000Z,,Endpoint,,Server,Domain Joined,,,,Onboarded,WindowsServer2019,1809,,Active,False,,,Medium,,,,,,"[""Arc""]",dd0932af-112f-478a-a873-d64f7666785a,,False,,7792,,,DeviceInfo
,10.8798.17763.7792,71a0557094bd79802ccb878bb11ac78612973c24,castelblack.north.sevenkingdoms.local,,False,"[{""UserName"":""localuser"",""DomainName"":""CASTELBLACK"",""Sid"":""S-1-5-21-2428024234-3189697923-2318280212-1000""}]",UnassignedGroup,64-bit,17763,WindowsServer2019,10.0,GOADa7ff41-GOAD-SRV02,639032907782840700,2026-01-06T10:05:09.890000Z,2026-01-06T10:05:09.890000Z,,Endpoint,,Server,Domain Joined,,,,Onboarded,WindowsServer2019,1809,,Active,False,,,Medium,,,,,,"[""Arc""]",dd0932af-112f-478a-a873-d64f7666785a,,False,,7792,,,DeviceInfo
,10.8798.17763.7792,0220e4c274577c1dba179f1812d031a7757ffaae,kingslanding.sevenkingdoms.local,,False,"[{""UserName"":""localuser"",""DomainName"":""SEVENKINGDOMS"",""Sid"":""S-1-5-21-3730121682-1558260717-1313176974-1000""}]",GOAD,64-bit,17763,WindowsServer2019,10.0,GOADa7ff41-GOAD-DC01,639032896579740400,2026-01-06T09:37:19.324000Z,2026-01-06T09:37:19.324000Z,,Endpoint,,Server,Domain Joined,,,,Onboarded,WindowsServer2019,1809,,Active,False,,,Medium,,,,,,"[""Arc""]",e0790d1a-da7c-44af-82e6-7ba7ca1d5359,,False,,7792,,,DeviceInfo
,10.8798.17763.7792,536672e83b4ef2f109c5d44e37a947eedcfb6b4b,winterfell.north.sevenkingdoms.local,,False,"[{""UserName"":""localuser"",""DomainName"":""NORTH"",""Sid"":""S-1-5-21-2975077076-1813412092-533620653-1000""}]",UnassignedGroup,64-bit,17763,WindowsServer2019,10.0,GOADa7ff41-GOAD-DC02,639032907690932600,2026-01-06T10:05:13.704000Z,2026-01-06T10:05:13.704000Z,,Endpoint,,Server,Domain Joined,,,,Onboarded,WindowsServer2019,1809,,Active,False,,,Medium,,,,,,"[""Arc""]",b5d0c01c-bf08-4354-8e81-9412ae4ffb7e,,False,,7792,,,DeviceInfo
,10.8798.17763.7792,71a0557094bd79802ccb878bb11ac78612973c24,castelblack.north.sevenkingdoms.local,,False,"[{""UserName"":""localuser"",""DomainName"":""CASTELBLACK"",""Sid"":""S-1-5-21-2428024234-3189697923-2318280212-1000""}]",UnassignedGroup,64-bit,17763,WindowsServer2019,10.0,GOADa7ff41-GOAD-SRV02,639032874495511900,2026-01-06T09:04:52.661000Z,2026-01-06T09:04:52.661000Z,,Endpoint,,Server,Domain Joined,,,,Onboarded,WindowsServer2019,1809,,Active,False,,,Medium,,,,,,"[""Arc""]",dd0932af-112f-478a-a873-d64f7666785a,,False,,7792,,,DeviceInfo
,10.8798.17763.7792,536672e83b4ef2f109c5d44e37a947eedcfb6b4b,winterfell.north.sevenkingdoms.local,,False,"[{""UserName"":""localuser"",""DomainName"":""NORTH"",""Sid"":""S-1-5-21-2975077076-1813412092-533620653-1000""}]",UnassignedGroup,64-bit,17763,WindowsServer2019,10.0,GOADa7ff41-GOAD-DC02,639032879372929200,2026-01-06T09:12:56.357000Z,2026-01-06T09:12:56.357000Z,,Endpoint,,Server,Domain Joined,,,,Onboarded,WindowsServer2019,1809,,Active,False,,,Medium,,,,,,"[""Arc""]",b5d0c01c-bf08-4354-8e81-9412ae4ffb7e,,False,,7792,,,DeviceInfo
,10.8798.17763.7792,71a0557094bd79802ccb878bb11ac78612973c24,castelblack.north.sevenkingdoms.local,,False,"[{""UserName"":""localuser"",""DomainName"":""CASTELBLACK"",""Sid"":""S-1-5-21-2428024234-3189697923-2318280212-1000""}]",UnassignedGroup,64-bit,17763,WindowsServer2019,10.0,GOADa7ff41-GOAD-SRV02,639032943947332700,2026-01-06T11:05:17.871000Z,2026-01-06T11:05:17.871000Z,,Endpoint,,Server,Domain Joined,,,,Onboarded,WindowsServer2019,1809,,Active,False,,,Medium,,,,,,"[""Arc""]",dd0932af-112f-478a-a873-d64f7666785a,,False,,7792,,,DeviceInfo
,10.8798.17763.7792,536672e83b4ef2f109c5d44e37a947eedcfb6b4b,winterfell.north.sevenkingdoms.local,,False,"[{""UserName"":""localuser"",""DomainName"":""NORTH"",""Sid"":""S-1-5-21-2975077076-1813412092-533620653-1000""}]",UnassignedGroup,64-bit,17763,WindowsServer2019,10.0,GOADa7ff41-GOAD-DC02,639032943490971100,2026-01-06T11:05:19.109000Z,2026-01-06T11:05:19.109000Z,,Endpoint,,Server,Domain Joined,,,,Onboarded,WindowsServer2019,1809,,Active,False,,,Medium,,,,,,"[""Arc""]",b5d0c01c-bf08-4354-8e81-9412ae4ffb7e,,False,,7792,,,DeviceInfo
,10.8798.17763.7792,0220e4c274577c1dba179f1812d031a7757ffaae,kingslanding.sevenkingdoms.local,,False,"[{""UserName"":""localuser"",""DomainName"":""SEVENKINGDOMS"",""Sid"":""S-1-5-21-3730121682-1558260717-1313176974-1000""}]",GOAD,64-bit,17763,WindowsServer2019,10.0,GOADa7ff41-GOAD-DC01,639032957817549000,2026-01-06T11:29:08.033000Z,2026-01-06T11:29:08.033000Z,,Endpoint,,Server,Domain Joined,,,,Onboarded,WindowsServer2019,1809,,Active,False,,,Medium,,,,,,"[""Arc""]",e0790d1a-da7c-44af-82e6-7ba7ca1d5359,,False,,7792,,,DeviceInfo
,10.8798.17763.7792,0220e4c274577c1dba179f1812d031a7757ffaae,kingslanding.sevenkingdoms.local,,False,"[{""UserName"":""localuser"",""DomainName"":""SEVENKINGDOMS"",""Sid"":""S-1-5-21-3730121682-1558260717-1313176974-1000""}]",GOAD,64-bit,17763,WindowsServer2019,10.0,GOADa7ff41-GOAD-DC01,639032921715310500,2026-01-06T10:28:55.895000Z,2026-01-06T10:28:55.895000Z,,Endpoint,,Server,Domain Joined,,,,Onboarded,WindowsServer2019,1809,,Active,False,,,Medium,,,,,,"[""Arc""]",e0790d1a-da7c-44af-82e6-7ba7ca1d5359,,False,,7792,,,DeviceInfo
,10.8798.17763.7792,536672e83b4ef2f109c5d44e37a947eedcfb6b4b,winterfell.north.sevenkingdoms.local,,False,"[{""UserName"":""localuser"",""DomainName"":""NORTH"",""Sid"":""S-1-5-21-2975077076-1813412092-533620653-1000""}]",UnassignedGroup,64-bit,17763,WindowsServer2019,10.0,GOADa7ff41-GOAD-DC02,639032979936180500,2026-01-06T12:05:46.448000Z,2026-01-06T12:05:46.448000Z,,Endpoint,,Server,Domain Joined,,,,Onboarded,WindowsServer2019,1809,,Active,False,,,Medium,,,,,,"[""Arc""]",b5d0c01c-bf08-4354-8e81-9412ae4ffb7e,,False,,7792,,,DeviceInfo
,10.8798.17763.7792,71a0557094bd79802ccb878bb11ac78612973c24,castelblack.north.sevenkingdoms.local,,False,"[{""UserName"":""localuser"",""DomainName"":""CASTELBLACK"",""Sid"":""S-1-5-21-2428024234-3189697923-2318280212-1000""}]",UnassignedGroup,64-bit,17763,WindowsServer2019,10.0,GOADa7ff41-GOAD-SRV02,639033015486627500,2026-01-06T13:05:35.307000Z,2026-01-06T13:05:35.307000Z,,Endpoint,,Server,Domain Joined,,,,Onboarded,WindowsServer2019,1809,,Active,False,,,Medium,,,,,,"[""Arc""]",dd0932af-112f-478a-a873-d64f7666785a,,False,,7792,,,DeviceInfo
,10.8798.17763.7792,536672e83b4ef2f109c5d44e37a947eedcfb6b4b,winterfell.north.sevenkingdoms.local,,False,"[{""UserName"":""localuser"",""DomainName"":""NORTH"",""Sid"":""S-1-5-21-2975077076-1813412092-533620653-1000""}]",UnassignedGroup,64-bit,17763,WindowsServer2019,10.0,GOADa7ff41-GOAD-DC02,639032998867406100,2026-01-06T12:27:56.365000Z,2026-01-06T12:27:56.365000Z,,Endpoint,,Server,Domain Joined,,,,Onboarded,WindowsServer2019,1809,,Active,False,,,Medium,,,,,,"[""Arc""]",b5d0c01c-bf08-4354-8e81-9412ae4ffb7e,,False,,7792,,,DeviceInfo
,10.8798.17763.7792,71a0557094bd79802ccb878bb11ac78612973c24,castelblack.north.sevenkingdoms.local,,False,"[{""UserName"":""localuser"",""DomainName"":""CASTELBLACK"",""Sid"":""S-1-5-21-2428024234-3189697923-2318280212-1000""}]",UnassignedGroup,64-bit,17763,WindowsServer2019,10.0,GOADa7ff41-GOAD-SRV02,639033196519388300,2026-01-06T18:06:21.348000Z,2026-01-06T18:06:21.348000Z,,Endpoint,,Server,Domain Joined,,,,Onboarded,WindowsServer2019,1809,,Active,False,,,Medium,,,,,,"[""Arc""]",dd0932af-112f-478a-a873-d64f7666785a,,False,,7792,,,DeviceInfo
,10.8798.17763.7792,0220e4c274577c1dba179f1812d031a7757ffaae,kingslanding.sevenkingdoms.local,,False,"[{""UserName"":""localuser"",""DomainName"":""SEVENKINGDOMS"",""Sid"":""S-1-5-21-3730121682-1558260717-1313176974-1000""}]",GOAD,64-bit,17763,WindowsServer2019,10.0,GOADa7ff41-GOAD-DC01,639033066188086800,2026-01-06T14:29:39.182000Z,2026-01-06T14:29:39.182000Z,,Endpoint,,Server,Domain Joined,,,,Onboarded,WindowsServer2019,1809,,Active,False,,,Medium,,,,,,"[""Arc""]",e0790d1a-da7c-44af-82e6-7ba7ca1d5359,,False,,7792,,,DeviceInfo
,10.8210.19041.2006,4ea8fd5d341dfda4d5119d7694a4ef1418256c59,casterlyrock.sevenkingdoms.local,,,"[{""UserName"":""localuser"",""DomainName"":""CASTERLYROCK"",""Sid"":""S-1-5-21-3713504507-1819471056-20737139-1000""}]",UnassignedGroup,64-bit,19045,Windows10,10.0,,639033079890320900,2026-01-06T14:50:16.815000Z,2026-01-06T14:50:16.815000Z,,Endpoint,,Workstation,Domain Joined,,,,Onboarded,Windows10,22H2,,Active,False,,,,,,,,,,,,False,,2006,,,DeviceInfo
,10.8797.19045.6036,c6fef73d7a223477e428e6ab072fbaad48c74270,casterlyrock.sevenkingdoms.local,,False,[],GOAD,64-bit,19045,Windows10,10.0,,639033079891611400,2026-01-06T14:57:22.112000Z,2025-09-17T14:51:41.662000Z,,Endpoint,,Workstation,Domain Joined,,,,Onboarded,Windows10,22H2,,Inactive,False,,,,,,,,,"[""Arc""]",c0165cc5-4937-411d-8c8b-b3790f18ac93,,False,,6036,,,DeviceInfo
,10.8210.19041.2006,4ea8fd5d341dfda4d5119d7694a4ef1418256c59,casterlyrock.sevenkingdoms.local,,,"[{""UserName"":""localuser"",""DomainName"":""CASTERLYROCK"",""Sid"":""S-1-5-21-3713504507-1819471056-20737139-1000""}]",UnassignedGroup,64-bit,19045,Windows10,10.0,,639033080963015600,2026-01-06T14:50:16.815000Z,2026-01-06T14:50:16.815000Z,,Endpoint,,Workstation,Domain Joined,,,,Onboarded,Windows10,22H2,,Active,False,,,,,,,,,,,,False,,2006,,,DeviceInfo
,10.8210.19041.2006,4ea8fd5d341dfda4d5119d7694a4ef1418256c59,casterlyrock.sevenkingdoms.local,,,"[{""UserName"":""localuser"",""DomainName"":""CASTERLYROCK"",""Sid"":""S-1-5-21-3713504507-1819471056-20737139-1000""}]",GOAD,64-bit,19045,Windows10,10.0,,639033094512132600,2026-01-06T14:50:16.815000Z,2026-01-06T14:50:16.815000Z,,Endpoint,,Workstation,Domain Joined,,,,Onboarded,Windows10,22H2,,Active,False,,,,,,,,,,,,False,,2006,,,DeviceInfo
,10.8210.19041.2006,4ea8fd5d341dfda4d5119d7694a4ef1418256c59,casterlyrock.sevenkingdoms.local,,,"[{""UserName"":""localuser"",""DomainName"":""CASTERLYROCK"",""Sid"":""S-1-5-21-3713504507-1819471056-20737139-1000""}]",UnassignedGroup,64-bit,19045,Windows10,10.0,,639033082789357700,2026-01-06T14:50:16.815000Z,2026-01-06T14:50:16.815000Z,,Endpoint,,Workstation,Domain Joined,,,,Onboarded,Windows10,22H2,,Active,False,,,,,,,,,,,,False,,2006,,,DeviceInfo
,10.8798.17763.7792,71a0557094bd79802ccb878bb11ac78612973c24,castelblack.north.sevenkingdoms.local,,False,"[{""UserName"":""localuser"",""DomainName"":""CASTELBLACK"",""Sid"":""S-1-5-21-2428024234-3189697923-2318280212-1000""}]",UnassignedGroup,64-bit,17763,WindowsServer2019,10.0,GOADa7ff41-GOAD-SRV02,639032981954813700,2026-01-06T12:05:20.638000Z,2026-01-06T12:05:20.638000Z,,Endpoint,,Server,Domain Joined,,,,Onboarded,WindowsServer2019,1809,,Active,False,,,Medium,,,,,,"[""Arc""]",dd0932af-112f-478a-a873-d64f7666785a,,False,,7792,,,DeviceInfo
,10.8798.17763.7792,0220e4c274577c1dba179f1812d031a7757ffaae,kingslanding.sevenkingdoms.local,,False,"[{""UserName"":""localuser"",""DomainName"":""SEVENKINGDOMS"",""Sid"":""S-1-5-21-3730121682-1558260717-1313176974-1000""}]",GOAD,64-bit,17763,WindowsServer2019,10.0,GOADa7ff41-GOAD-DC01,639033102251221600,2026-01-06T15:29:49.709000Z,2026-01-06T15:29:49.709000Z,,Endpoint,,Server,Domain Joined,,,,Onboarded,WindowsServer2019,1809,,Active,False,,,Medium,,,,,,"[""Arc""]",e0790d1a-da7c-44af-82e6-7ba7ca1d5359,,False,,7792,,,DeviceInfo
,10.8798.17763.7792,536672e83b4ef2f109c5d44e37a947eedcfb6b4b,winterfell.north.sevenkingdoms.local,,False,"[{""UserName"":""localuser"",""DomainName"":""NORTH"",""Sid"":""S-1-5-21-2975077076-1813412092-533620653-1000""}]",UnassignedGroup,64-bit,17763,WindowsServer2019,10.0,GOADa7ff41-GOAD-DC02,639033102560729000,2026-01-06T15:27:56.356000Z,2026-01-06T15:27:56.356000Z,,Endpoint,,Server,Domain Joined,,,,Onboarded,WindowsServer2019,1809,,Active,False,,,Medium,,,,,,"[""Arc""]",b5d0c01c-bf08-4354-8e81-9412ae4ffb7e,,False,,7792,,,DeviceInfo
,10.8798.17763.7792,71a0557094bd79802ccb878bb11ac78612973c24,castelblack.north.sevenkingdoms.local,,False,"[{""UserName"":""localuser"",""DomainName"":""CASTELBLACK"",""Sid"":""S-1-5-21-2428024234-3189697923-2318280212-1000""}]",UnassignedGroup,64-bit,17763,WindowsServer2019,10.0,GOADa7ff41-GOAD-SRV02,639033124102044900,2026-01-06T16:06:12.109000Z,2026-01-06T16:06:12.109000Z,,Endpoint,,Server,Domain Joined,,,,Onboarded,WindowsServer2019,1809,,Active,False,,,Medium,,,,,,"[""Arc""]",dd0932af-112f-478a-a873-d64f7666785a,,False,,7792,,,DeviceInfo
,10.8210.19041.2006,4ea8fd5d341dfda4d5119d7694a4ef1418256c59,casterlyrock.sevenkingdoms.local,,,"[{""UserName"":""localuser"",""DomainName"":""CASTERLYROCK"",""Sid"":""S-1-5-21-3713504507-1819471056-20737139-1000""}]",GOAD,64-bit,19045,Windows10,10.0,,639033116315760300,2026-01-06T14:50:16.815000Z,2026-01-06T14:50:16.815000Z,,Endpoint,,Workstation,Domain Joined,,,,Onboarded,Windows10,22H2,,Active,False,,,High,,,,,,,,,False,,2006,,,DeviceInfo
,10.8798.17763.7792,0220e4c274577c1dba179f1812d031a7757ffaae,kingslanding.sevenkingdoms.local,,False,"[{""UserName"":""localuser"",""DomainName"":""SEVENKINGDOMS"",""Sid"":""S-1-5-21-3730121682-1558260717-1313176974-1000""}]",GOAD,64-bit,17763,WindowsServer2019,10.0,GOADa7ff41-GOAD-DC01,639032993930485600,2026-01-06T12:29:25.489000Z,2026-01-06T12:29:25.489000Z,,Endpoint,,Server,Domain Joined,,,,Onboarded,WindowsServer2019,1809,,Active,False,,,Medium,,,,,,"[""Arc""]",e0790d1a-da7c-44af-82e6-7ba7ca1d5359,,False,,7792,,,DeviceInfo
,10.8798.17763.7792,71a0557094bd79802ccb878bb11ac78612973c24,castelblack.north.sevenkingdoms.local,,False,"[{""UserName"":""localuser"",""DomainName"":""CASTELBLACK"",""Sid"":""S-1-5-21-2428024234-3189697923-2318280212-1000""}]",UnassignedGroup,64-bit,17763,WindowsServer2019,10.0,GOADa7ff41-GOAD-SRV02,639033160205097200,2026-01-06T17:06:18.936000Z,2026-01-06T17:06:18.936000Z,,Endpoint,,Server,Domain Joined,,,,Onboarded,WindowsServer2019,1809,,Active,False,,,Medium,,,,,,"[""Arc""]",dd0932af-112f-478a-a873-d64f7666785a,,False,,7792,,,DeviceInfo
,10.8798.17763.7792,536672e83b4ef2f109c5d44e37a947eedcfb6b4b,winterfell.north.sevenkingdoms.local,,False,"[{""UserName"":""localuser"",""DomainName"":""NORTH"",""Sid"":""S-1-5-21-2975077076-1813412092-533620653-1000""}]",UnassignedGroup,64-bit,17763,WindowsServer2019,10.0,GOADa7ff41-GOAD-DC02,639033133359382100,2026-01-06T16:17:38.445000Z,2026-01-06T16:17:38.445000Z,,Endpoint,,Server,Domain Joined,,,,Onboarded,WindowsServer2019,1809,,Active,False,,,Medium,,,,,,"[""Arc""]",b5d0c01c-bf08-4354-8e81-9412ae4ffb7e,,False,,7792,,,DeviceInfo
,10.8798.17763.7792,536672e83b4ef2f109c5d44e37a947eedcfb6b4b,winterfell.north.sevenkingdoms.local,,False,"[{""UserName"":""localuser"",""DomainName"":""NORTH"",""Sid"":""S-1-5-21-2975077076-1813412092-533620653-1000""}]",UnassignedGroup,64-bit,17763,WindowsServer2019,10.0,GOADa7ff41-GOAD-DC02,639033066944371300,2026-01-06T14:27:56.355000Z,2026-01-06T14:27:56.355000Z,,Endpoint,,Server,Domain Joined,,,,Onboarded,WindowsServer2019,1809,,Active,False,,,Medium,,,,,,"[""Arc""]",b5d0c01c-bf08-4354-8e81-9412ae4ffb7e,,False,,7792,,,DeviceInfo
,10.8798.17763.7792,71a0557094bd79802ccb878bb11ac78612973c24,castelblack.north.sevenkingdoms.local,,False,"[{""UserName"":""localuser"",""DomainName"":""CASTELBLACK"",""Sid"":""S-1-5-21-2428024234-3189697923-2318280212-1000""}]",UnassignedGroup,64-bit,17763,WindowsServer2019,10.0,GOADa7ff41-GOAD-SRV02,639033088184264000,2026-01-06T15:06:08.947000Z,2026-01-06T15:06:08.947000Z,,Endpoint,,Server,Domain Joined,,,,Onboarded,WindowsServer2019,1809,,Active,False,,,Medium,,,,,,"[""Arc""]",dd0932af-112f-478a-a873-d64f7666785a,,False,,7792,,,DeviceInfo
,10.8798.17763.7792,0220e4c274577c1dba179f1812d031a7757ffaae,kingslanding.sevenkingdoms.local,,False,"[{""UserName"":""localuser"",""DomainName"":""SEVENKINGDOMS"",""Sid"":""S-1-5-21-3730121682-1558260717-1313176974-1000""}]",GOAD,64-bit,17763,WindowsServer2019,10.0,GOADa7ff41-GOAD-DC01,639033138079839100,2026-01-06T16:29:52.427000Z,2026-01-06T16:29:52.427000Z,,Endpoint,,Server,Domain Joined,,,,Onboarded,WindowsServer2019,1809,,Active,False,,,Medium,,,,,,"[""Arc""]",e0790d1a-da7c-44af-82e6-7ba7ca1d5359,,False,,7792,,,DeviceInfo
,10.8798.17763.7792,0220e4c274577c1dba179f1812d031a7757ffaae,kingslanding.sevenkingdoms.local,,False,"[{""UserName"":""localuser"",""DomainName"":""SEVENKINGDOMS"",""Sid"":""S-1-5-21-3730121682-1558260717-1313176974-1000""}]",GOAD,64-bit,17763,WindowsServer2019,10.0,GOADa7ff41-GOAD-DC01,639033198393532900,2026-01-06T18:07:19.320000Z,2026-01-06T18:07:19.320000Z,,Endpoint,,Server,Domain Joined,,,,Onboarded,WindowsServer2019,1809,,Active,False,,,Medium,,,,,,"[""Arc""]",e0790d1a-da7c-44af-82e6-7ba7ca1d5359,,False,,7792,,,DeviceInfo
,10.8798.17763.7792,536672e83b4ef2f109c5d44e37a947eedcfb6b4b,winterfell.north.sevenkingdoms.local,,False,"[{""UserName"":""localuser"",""DomainName"":""NORTH"",""Sid"":""S-1-5-21-2975077076-1813412092-533620653-1000""}]",UnassignedGroup,64-bit,17763,WindowsServer2019,10.0,GOADa7ff41-GOAD-DC02,639033199730612500,2026-01-06T18:11:59.083000Z,2026-01-06T18:11:59.083000Z,,Endpoint,,Server,Domain Joined,,,,Onboarded,WindowsServer2019,1809,,Active,False,,,Medium,,,,,,"[""Arc""]",b5d0c01c-bf08-4354-8e81-9412ae4ffb7e,,False,,7792,,,DeviceInfo
,10.8798.17763.7792,0220e4c274577c1dba179f1812d031a7757ffaae,kingslanding.sevenkingdoms.local,,False,"[{""UserName"":""localuser"",""DomainName"":""SEVENKINGDOMS"",""Sid"":""S-1-5-21-3730121682-1558260717-1313176974-1000""}]",GOAD,64-bit,17763,WindowsServer2019,10.0,GOADa7ff41-GOAD-DC01,639033162309111000,2026-01-06T17:09:55.174000Z,2026-01-06T17:09:55.174000Z,,Endpoint,,Server,Domain Joined,,,,Onboarded,WindowsServer2019,1809,,Active,False,,,Medium,,,,,,"[""Arc""]",e0790d1a-da7c-44af-82e6-7ba7ca1d5359,,False,,7792,,,DeviceInfo
,10.8798.17763.7792,536672e83b4ef2f109c5d44e37a947eedcfb6b4b,winterfell.north.sevenkingdoms.local,,False,"[{""UserName"":""localuser"",""DomainName"":""NORTH"",""Sid"":""S-1-5-21-2975077076-1813412092-533620653-1000""}]",UnassignedGroup,64-bit,17763,WindowsServer2019,10.0,GOADa7ff41-GOAD-DC02,639033163374137500,2026-01-06T17:11:52.377000Z,2026-01-06T17:11:52.377000Z,,Endpoint,,Server,Domain Joined,,,,Onboarded,WindowsServer2019,1809,,Active,False,,,Medium,,,,,,"[""Arc""]",b5d0c01c-bf08-4354-8e81-9412ae4ffb7e,,False,,7792,,,DeviceInfo
,10.8798.17763.7792,0220e4c274577c1dba179f1812d031a7757ffaae,kingslanding.sevenkingdoms.local,,False,"[{""UserName"":""localuser"",""DomainName"":""SEVENKINGDOMS"",""Sid"":""S-1-5-21-3730121682-1558260717-1313176974-1000""}]",GOAD,64-bit,17763,WindowsServer2019,10.0,GOADa7ff41-GOAD-DC01,639033234382711200,2026-01-06T19:10:03.794000Z,2026-01-06T19:10:03.794000Z,,Endpoint,,Server,Domain Joined,,,,Onboarded,WindowsServer2019,1809,,Active,False,,,Medium,,,,,,"[""Arc""]",e0790d1a-da7c-44af-82e6-7ba7ca1d5359,,False,,7792,,,DeviceInfo
,10.8798.17763.7792,536672e83b4ef2f109c5d44e37a947eedcfb6b4b,winterfell.north.sevenkingdoms.local,,False,"[{""UserName"":""localuser"",""DomainName"":""NORTH"",""Sid"":""S-1-5-21-2975077076-1813412092-533620653-1000""}]",UnassignedGroup,64-bit,17763,WindowsServer2019,10.0,GOADa7ff41-GOAD-DC02,639033235902795300,2026-01-06T19:12:02.269000Z,2026-01-06T19:12:02.269000Z,,Endpoint,,Server,Domain Joined,,,,Onboarded,WindowsServer2019,1809,,Active,False,,,Medium,,,,,,"[""Arc""]",b5d0c01c-bf08-4354-8e81-9412ae4ffb7e,,False,,7792,,,DeviceInfo
,10.8798.17763.7792,536672e83b4ef2f109c5d44e37a947eedcfb6b4b,winterfell.north.sevenkingdoms.local,,False,"[{""UserName"":""localuser"",""DomainName"":""NORTH"",""Sid"":""S-1-5-21-2975077076-1813412092-533620653-1000""}]",UnassignedGroup,64-bit,17763,WindowsServer2019,10.0,GOADa7ff41-GOAD-DC02,639033345230118300,2026-01-06T22:14:16.525000Z,2026-01-06T22:14:16.525000Z,,Endpoint,,Server,Domain Joined,,,,Onboarded,WindowsServer2019,1809,,Active,False,,,Medium,,,,,,"[""Arc""]",b5d0c01c-bf08-4354-8e81-9412ae4ffb7e,,False,,7792,,,DeviceInfo
,10.8798.17763.7792,71a0557094bd79802ccb878bb11ac78612973c24,castelblack.north.sevenkingdoms.local,,False,"[{""UserName"":""localuser"",""DomainName"":""CASTELBLACK"",""Sid"":""S-1-5-21-2428024234-3189697923-2318280212-1000""}]",UnassignedGroup,64-bit,17763,WindowsServer2019,10.0,GOADa7ff41-GOAD-SRV02,639033413682780200,2026-01-07T00:08:52.683000Z,2026-01-07T00:08:52.683000Z,,Endpoint,,Server,Domain Joined,,,,Onboarded,WindowsServer2019,1809,,Active,False,,,Medium,,,,,,"[""Arc""]",dd0932af-112f-478a-a873-d64f7666785a,,False,,7792,,,DeviceInfo
,10.8798.17763.7792,71a0557094bd79802ccb878bb11ac78612973c24,castelblack.north.sevenkingdoms.local,,False,"[{""UserName"":""localuser"",""DomainName"":""CASTELBLACK"",""Sid"":""S-1-5-21-2428024234-3189697923-2318280212-1000""}]",UnassignedGroup,64-bit,17763,WindowsServer2019,10.0,GOADa7ff41-GOAD-SRV02,639033449560052000,2026-01-07T01:08:55.124000Z,2026-01-07T01:08:55.124000Z,,Endpoint,,Server,Domain Joined,,,,Onboarded,WindowsServer2019,1809,,Active,False,,,Medium,,,,,,"[""Arc""]",dd0932af-112f-478a-a873-d64f7666785a,,False,,7792,,,DeviceInfo
,10.8798.17763.7792,71a0557094bd79802ccb878bb11ac78612973c24,castelblack.north.sevenkingdoms.local,,False,"[{""UserName"":""localuser"",""DomainName"":""CASTELBLACK"",""Sid"":""S-1-5-21-2428024234-3189697923-2318280212-1000""}]",UnassignedGroup,64-bit,17763,WindowsServer2019,10.0,GOADa7ff41-GOAD-SRV02,639033485729209700,2026-01-07T02:09:01.675000Z,2026-01-07T02:09:01.675000Z,,Endpoint,,Server,Domain Joined,,,,Onboarded,WindowsServer2019,1809,,Active,False,,,Medium,,,,,,"[""Arc""]",dd0932af-112f-478a-a873-d64f7666785a,,False,,7792,,,DeviceInfo
,10.8798.17763.7792,536672e83b4ef2f109c5d44e37a947eedcfb6b4b,winterfell.north.sevenkingdoms.local,,False,"[{""UserName"":""localuser"",""DomainName"":""NORTH"",""Sid"":""S-1-5-21-2975077076-1813412092-533620653-1000""}]",UnassignedGroup,64-bit,17763,WindowsServer2019,10.0,GOADa7ff41-GOAD-DC02,639033498485391500,2026-01-07T02:29:34.226000Z,2026-01-07T02:29:34.226000Z,,Endpoint,,Server,Domain Joined,,,,Onboarded,WindowsServer2019,1809,,Active,False,,,Medium,,,,,,"[""Arc""]",b5d0c01c-bf08-4354-8e81-9412ae4ffb7e,,False,,7792,,,DeviceInfo
,10.8798.17763.7792,536672e83b4ef2f109c5d44e37a947eedcfb6b4b,winterfell.north.sevenkingdoms.local,,False,"[{""UserName"":""localuser"",""DomainName"":""NORTH"",""Sid"":""S-1-5-21-2975077076-1813412092-533620653-1000""}]",UnassignedGroup,64-bit,17763,WindowsServer2019,10.0,GOADa7ff41-GOAD-DC02,639033534221921400,2026-01-07T03:29:45.843000Z,2026-01-07T03:29:45.843000Z,,Endpoint,,Server,Domain Joined,,,,Onboarded,WindowsServer2019,1809,,Active,False,,,Medium,,,,,,"[""Arc""]",b5d0c01c-bf08-4354-8e81-9412ae4ffb7e,,False,,7792,,,DeviceInfo
,10.8798.17763.7792,71a0557094bd79802ccb878bb11ac78612973c24,castelblack.north.sevenkingdoms.local,,False,"[{""UserName"":""localuser"",""DomainName"":""CASTELBLACK"",""Sid"":""S-1-5-21-2428024234-3189697923-2318280212-1000""}]",UnassignedGroup,64-bit,17763,WindowsServer2019,10.0,GOADa7ff41-GOAD-SRV02,639033630274763600,2026-01-07T06:09:19.957000Z,2026-01-07T06:09:19.957000Z,,Endpoint,,Server,Domain Joined,,,,Onboarded,WindowsServer2019,1809,,Active,False,,,Medium,,,,,,"[""Arc""]",dd0932af-112f-478a-a873-d64f7666785a,,False,,7792,,,DeviceInfo
,10.8798.17763.7792,536672e83b4ef2f109c5d44e37a947eedcfb6b4b,winterfell.north.sevenkingdoms.local,,False,"[{""UserName"":""localuser"",""DomainName"":""NORTH"",""Sid"":""S-1-5-21-2975077076-1813412092-533620653-1000""}]",UnassignedGroup,64-bit,17763,WindowsServer2019,10.0,GOADa7ff41-GOAD-DC02,639033678533185400,2026-01-07T07:30:15.877000Z,2026-01-07T07:30:15.877000Z,,Endpoint,,Server,Domain Joined,,,,Onboarded,WindowsServer2019,1809,,Active,False,,,Medium,,,,,,"[""Arc""]",b5d0c01c-bf08-4354-8e81-9412ae4ffb7e,,False,,7792,,,DeviceInfo
,10.8798.17763.7792,536672e83b4ef2f109c5d44e37a947eedcfb6b4b,winterfell.north.sevenkingdoms.local,,False,"[{""UserName"":""localuser"",""DomainName"":""NORTH"",""Sid"":""S-1-5-21-2975077076-1813412092-533620653-1000""}]",UnassignedGroup,64-bit,17763,WindowsServer2019,10.0,GOADa7ff41-GOAD-DC02,639033826502178800,2026-01-07T11:36:13.687000Z,2026-01-07T11:36:13.687000Z,,Endpoint,,Server,Domain Joined,,,,Onboarded,WindowsServer2019,1809,,Active,False,,,Medium,,,,,,"[""Arc""]",b5d0c01c-bf08-4354-8e81-9412ae4ffb7e,,False,,7792,,,DeviceInfo
,10.8798.17763.7792,71a0557094bd79802ccb878bb11ac78612973c24,castelblack.north.sevenkingdoms.local,,False,"[{""UserName"":""localuser"",""DomainName"":""CASTELBLACK"",""Sid"":""S-1-5-21-2428024234-3189697923-2318280212-1000""}]",UnassignedGroup,64-bit,17763,WindowsServer2019,10.0,GOADa7ff41-GOAD-SRV02,639033233743196700,2026-01-06T19:08:28.423000Z,2026-01-06T19:08:28.423000Z,,Endpoint,,Server,Domain Joined,,,,Onboarded,WindowsServer2019,1809,,Active,False,,,Medium,,,,,,"[""Arc""]",dd0932af-112f-478a-a873-d64f7666785a,,False,,7792,,,DeviceInfo
,10.8798.17763.7792,71a0557094bd79802ccb878bb11ac78612973c24,castelblack.north.sevenkingdoms.local,,False,"[{""UserName"":""localuser"",""DomainName"":""CASTELBLACK"",""Sid"":""S-1-5-21-2428024234-3189697923-2318280212-1000""}]",UnassignedGroup,64-bit,17763,WindowsServer2019,10.0,GOADa7ff41-GOAD-SRV02,639033377576821000,2026-01-06T23:08:46.373000Z,2026-01-06T23:08:46.373000Z,,Endpoint,,Server,Domain Joined,,,,Onboarded,WindowsServer2019,1809,,Active,False,,,Medium,,,,,,"[""Arc""]",dd0932af-112f-478a-a873-d64f7666785a,,False,,7792,,,DeviceInfo
,10.8798.17763.7792,536672e83b4ef2f109c5d44e37a947eedcfb6b4b,winterfell.north.sevenkingdoms.local,,False,"[{""UserName"":""localuser"",""DomainName"":""NORTH"",""Sid"":""S-1-5-21-2975077076-1813412092-533620653-1000""}]",UnassignedGroup,64-bit,17763,WindowsServer2019,10.0,GOADa7ff41-GOAD-DC02,639033381254256900,2026-01-06T23:14:19.473000Z,2026-01-06T23:14:19.473000Z,,Endpoint,,Server,Domain Joined,,,,Onboarded,WindowsServer2019,1809,,Active,False,,,Medium,,,,,,"[""Arc""]",b5d0c01c-bf08-4354-8e81-9412ae4ffb7e,,False,,7792,,,DeviceInfo
,10.8798.17763.7792,536672e83b4ef2f109c5d44e37a947eedcfb6b4b,winterfell.north.sevenkingdoms.local,,False,"[{""UserName"":""localuser"",""DomainName"":""NORTH"",""Sid"":""S-1-5-21-2975077076-1813412092-533620653-1000""}]",UnassignedGroup,64-bit,17763,WindowsServer2019,10.0,GOADa7ff41-GOAD-DC02,639033417338047100,2026-01-07T00:14:26.131000Z,2026-01-07T00:14:26.131000Z,,Endpoint,,Server,Domain Joined,,,,Onboarded,WindowsServer2019,1809,,Active,False,,,Medium,,,,,,"[""Arc""]",b5d0c01c-bf08-4354-8e81-9412ae4ffb7e,,False,,7792,,,DeviceInfo
,10.8798.17763.7792,0220e4c274577c1dba179f1812d031a7757ffaae,kingslanding.sevenkingdoms.local,,False,"[{""UserName"":""localuser"",""DomainName"":""SEVENKINGDOMS"",""Sid"":""S-1-5-21-3730121682-1558260717-1313176974-1000""}]",GOAD,64-bit,17763,WindowsServer2019,10.0,GOADa7ff41-GOAD-DC01,639033475891492700,2026-01-07T01:52:28.245000Z,2026-01-07T01:52:28.245000Z,,Endpoint,,Server,Domain Joined,,,,Onboarded,WindowsServer2019,1809,,Active,False,,,Medium,,,,,,"[""Arc""]",e0790d1a-da7c-44af-82e6-7ba7ca1d5359,,False,,7792,,,DeviceInfo
,10.8798.17763.7792,71a0557094bd79802ccb878bb11ac78612973c24,castelblack.north.sevenkingdoms.local,,False,"[{""UserName"":""localuser"",""DomainName"":""CASTELBLACK"",""Sid"":""S-1-5-21-2428024234-3189697923-2318280212-1000""}]",UnassignedGroup,64-bit,17763,WindowsServer2019,10.0,GOADa7ff41-GOAD-SRV02,639033522111605200,2026-01-07T03:09:05.492000Z,2026-01-07T03:09:05.492000Z,,Endpoint,,Server,Domain Joined,,,,Onboarded,WindowsServer2019,1809,,Active,False,,,Medium,,,,,,"[""Arc""]",dd0932af-112f-478a-a873-d64f7666785a,,False,,7792,,,DeviceInfo
,10.8798.17763.7792,0220e4c274577c1dba179f1812d031a7757ffaae,kingslanding.sevenkingdoms.local,,False,"[{""UserName"":""localuser"",""DomainName"":""SEVENKINGDOMS"",""Sid"":""S-1-5-21-3730121682-1558260717-1313176974-1000""}]",GOAD,64-bit,17763,WindowsServer2019,10.0,GOADa7ff41-GOAD-DC01,639033583788119700,2026-01-07T04:52:44.505000Z,2026-01-07T04:52:44.505000Z,,Endpoint,,Server,Domain Joined,,,,Onboarded,WindowsServer2019,1809,,Active,False,,,Medium,,,,,,"[""Arc""]",e0790d1a-da7c-44af-82e6-7ba7ca1d5359,,False,,7792,,,DeviceInfo
,10.8798.17763.7792,71a0557094bd79802ccb878bb11ac78612973c24,castelblack.north.sevenkingdoms.local,,False,"[{""UserName"":""localuser"",""DomainName"":""CASTELBLACK"",""Sid"":""S-1-5-21-2428024234-3189697923-2318280212-1000""}]",UnassignedGroup,64-bit,17763,WindowsServer2019,10.0,GOADa7ff41-GOAD-SRV02,639033702305562400,2026-01-07T08:09:42.553000Z,2026-01-07T08:09:42.553000Z,,Endpoint,,Server,Domain Joined,,,,Onboarded,WindowsServer2019,1809,,Active,False,,,Medium,,,,,,"[""Arc""]",dd0932af-112f-478a-a873-d64f7666785a,,False,,7792,,,DeviceInfo
,10.8798.17763.7792,536672e83b4ef2f109c5d44e37a947eedcfb6b4b,winterfell.north.sevenkingdoms.local,,False,"[{""UserName"":""localuser"",""DomainName"":""NORTH"",""Sid"":""S-1-5-21-2975077076-1813412092-533620653-1000""}]",UnassignedGroup,64-bit,17763,WindowsServer2019,10.0,GOADa7ff41-GOAD-DC02,639033702715024900,2026-01-07T08:10:19.421000Z,2026-01-07T08:10:19.421000Z,,Endpoint,,Server,Domain Joined,,,,Onboarded,WindowsServer2019,1809,,Active,False,,,Medium,,,,,,"[""Arc""]",b5d0c01c-bf08-4354-8e81-9412ae4ffb7e,,False,,7792,,,DeviceInfo
,10.8798.17763.7792,71a0557094bd79802ccb878bb11ac78612973c24,castelblack.north.sevenkingdoms.local,,False,"[{""UserName"":""localuser"",""DomainName"":""CASTELBLACK"",""Sid"":""S-1-5-21-2428024234-3189697923-2318280212-1000""}]",UnassignedGroup,64-bit,17763,WindowsServer2019,10.0,GOADa7ff41-GOAD-SRV02,639033738660257400,2026-01-07T09:09:53.021000Z,2026-01-07T09:09:53.021000Z,,Endpoint,,Server,Domain Joined,,,,Onboarded,WindowsServer2019,1809,,Active,False,,,Medium,,,,,,"[""Arc""]",dd0932af-112f-478a-a873-d64f7666785a,,False,,7792,,,DeviceInfo
,10.8798.17763.7792,536672e83b4ef2f109c5d44e37a947eedcfb6b4b,winterfell.north.sevenkingdoms.local,,False,"[{""UserName"":""localuser"",""DomainName"":""NORTH"",""Sid"":""S-1-5-21-2975077076-1813412092-533620653-1000""}]",UnassignedGroup,64-bit,17763,WindowsServer2019,10.0,GOADa7ff41-GOAD-DC02,639033738619002800,2026-01-07T09:10:28.803000Z,2026-01-07T09:10:28.803000Z,,Endpoint,,Server,Domain Joined,,,,Onboarded,WindowsServer2019,1809,,Active,False,,,Medium,,,,,,"[""Arc""]",b5d0c01c-bf08-4354-8e81-9412ae4ffb7e,,False,,7792,,,DeviceInfo
,10.8798.17763.7792,0220e4c274577c1dba179f1812d031a7757ffaae,kingslanding.sevenkingdoms.local,,False,"[{""UserName"":""localuser"",""DomainName"":""SEVENKINGDOMS"",""Sid"":""S-1-5-21-3730121682-1558260717-1313176974-1000""}]",GOAD,64-bit,17763,WindowsServer2019,10.0,GOADa7ff41-GOAD-DC01,639033739024412800,2026-01-07T09:07:19.316000Z,2026-01-07T09:07:19.316000Z,,Endpoint,,Server,Domain Joined,,,,Onboarded,WindowsServer2019,1809,,Active,False,,,Medium,,,,,,"[""Arc""]",e0790d1a-da7c-44af-82e6-7ba7ca1d5359,,False,,7792,,,DeviceInfo
,10.8798.17763.7792,0220e4c274577c1dba179f1812d031a7757ffaae,kingslanding.sevenkingdoms.local,,False,"[{""UserName"":""localuser"",""DomainName"":""SEVENKINGDOMS"",""Sid"":""S-1-5-21-3730121682-1558260717-1313176974-1000""}]",GOAD,64-bit,17763,WindowsServer2019,10.0,GOADa7ff41-GOAD-DC01,639033810231090300,2026-01-07T11:09:06.699000Z,2026-01-07T11:09:06.699000Z,,Endpoint,,Server,Domain Joined,,,,Onboarded,WindowsServer2019,1809,,Active,False,,,Medium,,,,,,"[""Arc""]",e0790d1a-da7c-44af-82e6-7ba7ca1d5359,,False,,7792,,,DeviceInfo
,10.8798.17763.7792,71a0557094bd79802ccb878bb11ac78612973c24,castelblack.north.sevenkingdoms.local,,False,"[{""UserName"":""localuser"",""DomainName"":""CASTELBLACK"",""Sid"":""S-1-5-21-2428024234-3189697923-2318280212-1000""}]",UnassignedGroup,64-bit,17763,WindowsServer2019,10.0,GOADa7ff41-GOAD-SRV02,639033269761004000,2026-01-06T20:08:30.459000Z,2026-01-06T20:08:30.459000Z,,Endpoint,,Server,Domain Joined,,,,Onboarded,WindowsServer2019,1809,,Active,False,,,Medium,,,,,,"[""Arc""]",dd0932af-112f-478a-a873-d64f7666785a,,False,,7792,,,DeviceInfo
,10.8798.17763.7792,0220e4c274577c1dba179f1812d031a7757ffaae,kingslanding.sevenkingdoms.local,,False,"[{""UserName"":""localuser"",""DomainName"":""SEVENKINGDOMS"",""Sid"":""S-1-5-21-3730121682-1558260717-1313176974-1000""}]",GOAD,64-bit,17763,WindowsServer2019,10.0,GOADa7ff41-GOAD-DC01,639033271445233900,2026-01-06T20:12:09.174000Z,2026-01-06T20:12:09.174000Z,,Endpoint,,Server,Domain Joined,,,,Onboarded,WindowsServer2019,1809,,Active,False,,,Medium,,,,,,"[""Arc""]",e0790d1a-da7c-44af-82e6-7ba7ca1d5359,,False,,7792,,,DeviceInfo
,10.8798.17763.7792,536672e83b4ef2f109c5d44e37a947eedcfb6b4b,winterfell.north.sevenkingdoms.local,,False,"[{""UserName"":""localuser"",""DomainName"":""NORTH"",""Sid"":""S-1-5-21-2975077076-1813412092-533620653-1000""}]",UnassignedGroup,64-bit,17763,WindowsServer2019,10.0,GOADa7ff41-GOAD-DC02,639033273120785400,2026-01-06T20:14:07.934000Z,2026-01-06T20:14:07.934000Z,,Endpoint,,Server,Domain Joined,,,,Onboarded,WindowsServer2019,1809,,Active,False,,,Medium,,,,,,"[""Arc""]",b5d0c01c-bf08-4354-8e81-9412ae4ffb7e,,False,,7792,,,DeviceInfo
,10.8798.17763.7792,71a0557094bd79802ccb878bb11ac78612973c24,castelblack.north.sevenkingdoms.local,,False,"[{""UserName"":""localuser"",""DomainName"":""CASTELBLACK"",""Sid"":""S-1-5-21-2428024234-3189697923-2318280212-1000""}]",UnassignedGroup,64-bit,17763,WindowsServer2019,10.0,GOADa7ff41-GOAD-SRV02,639033305629838700,2026-01-06T21:08:34.755000Z,2026-01-06T21:08:34.755000Z,,Endpoint,,Server,Domain Joined,,,,Onboarded,WindowsServer2019,1809,,Active,False,,,Medium,,,,,,"[""Arc""]",dd0932af-112f-478a-a873-d64f7666785a,,False,,7792,,,DeviceInfo
,10.8798.17763.7792,71a0557094bd79802ccb878bb11ac78612973c24,castelblack.north.sevenkingdoms.local,,False,"[{""UserName"":""localuser"",""DomainName"":""CASTELBLACK"",""Sid"":""S-1-5-21-2428024234-3189697923-2318280212-1000""}]",UnassignedGroup,64-bit,17763,WindowsServer2019,10.0,GOADa7ff41-GOAD-SRV02,639033341824659600,2026-01-06T22:08:44.425000Z,2026-01-06T22:08:44.425000Z,,Endpoint,,Server,Domain Joined,,,,Onboarded,WindowsServer2019,1809,,Active,False,,,Medium,,,,,,"[""Arc""]",dd0932af-112f-478a-a873-d64f7666785a,,False,,7792,,,DeviceInfo
,10.8798.17763.7792,0220e4c274577c1dba179f1812d031a7757ffaae,kingslanding.sevenkingdoms.local,,False,"[{""UserName"":""localuser"",""DomainName"":""SEVENKINGDOMS"",""Sid"":""S-1-5-21-3730121682-1558260717-1313176974-1000""}]",GOAD,64-bit,17763,WindowsServer2019,10.0,GOADa7ff41-GOAD-DC01,639033404299528000,2026-01-06T23:52:21.660000Z,2026-01-06T23:52:21.660000Z,,Endpoint,,Server,Domain Joined,,,,Onboarded,WindowsServer2019,1809,,Active,False,,,Medium,,,,,,"[""Arc""]",e0790d1a-da7c-44af-82e6-7ba7ca1d5359,,False,,7792,,,DeviceInfo
,10.8798.17763.7792,536672e83b4ef2f109c5d44e37a947eedcfb6b4b,winterfell.north.sevenkingdoms.local,,False,"[{""UserName"":""localuser"",""DomainName"":""NORTH"",""Sid"":""S-1-5-21-2975077076-1813412092-533620653-1000""}]",UnassignedGroup,64-bit,17763,WindowsServer2019,10.0,GOADa7ff41-GOAD-DC02,639033428311234000,2026-01-07T00:27:56.367000Z,2026-01-07T00:27:56.367000Z,,Endpoint,,Server,Domain Joined,,,,Onboarded,WindowsServer2019,1809,,Active,False,,,Medium,,,,,,"[""Arc""]",b5d0c01c-bf08-4354-8e81-9412ae4ffb7e,,False,,7792,,,DeviceInfo
,10.8798.17763.7792,0220e4c274577c1dba179f1812d031a7757ffaae,kingslanding.sevenkingdoms.local,,False,"[{""UserName"":""localuser"",""DomainName"":""SEVENKINGDOMS"",""Sid"":""S-1-5-21-3730121682-1558260717-1313176974-1000""}]",GOAD,64-bit,17763,WindowsServer2019,10.0,GOADa7ff41-GOAD-DC01,639033512061100300,2026-01-07T02:52:31.456000Z,2026-01-07T02:52:31.456000Z,,Endpoint,,Server,Domain Joined,,,,Onboarded,WindowsServer2019,1809,,Active,False,,,Medium,,,,,,"[""Arc""]",e0790d1a-da7c-44af-82e6-7ba7ca1d5359,,False,,7792,,,DeviceInfo
,10.8798.17763.7792,71a0557094bd79802ccb878bb11ac78612973c24,castelblack.north.sevenkingdoms.local,,False,"[{""UserName"":""localuser"",""DomainName"":""CASTELBLACK"",""Sid"":""S-1-5-21-2428024234-3189697923-2318280212-1000""}]",UnassignedGroup,64-bit,17763,WindowsServer2019,10.0,GOADa7ff41-GOAD-SRV02,639033558053403600,2026-01-07T04:09:12.243000Z,2026-01-07T04:09:12.243000Z,,Endpoint,,Server,Domain Joined,,,,Onboarded,WindowsServer2019,1809,,Active,False,,,Medium,,,,,,"[""Arc""]",dd0932af-112f-478a-a873-d64f7666785a,,False,,7792,,,DeviceInfo
,10.8798.17763.7792,71a0557094bd79802ccb878bb11ac78612973c24,castelblack.north.sevenkingdoms.local,,False,"[{""UserName"":""localuser"",""DomainName"":""CASTELBLACK"",""Sid"":""S-1-5-21-2428024234-3189697923-2318280212-1000""}]",UnassignedGroup,64-bit,17763,WindowsServer2019,10.0,GOADa7ff41-GOAD-SRV02,639033594128051600,2026-01-07T05:09:14.976000Z,2026-01-07T05:09:14.976000Z,,Endpoint,,Server,Domain Joined,,,,Onboarded,WindowsServer2019,1809,,Active,False,,,Medium,,,,,,"[""Arc""]",dd0932af-112f-478a-a873-d64f7666785a,,False,,7792,,,DeviceInfo
,10.8798.17763.7792,536672e83b4ef2f109c5d44e37a947eedcfb6b4b,winterfell.north.sevenkingdoms.local,,False,"[{""UserName"":""localuser"",""DomainName"":""NORTH"",""Sid"":""S-1-5-21-2975077076-1813412092-533620653-1000""}]",UnassignedGroup,64-bit,17763,WindowsServer2019,10.0,GOADa7ff41-GOAD-DC02,639033606297686500,2026-01-07T05:29:55.710000Z,2026-01-07T05:29:55.710000Z,,Endpoint,,Server,Domain Joined,,,,Onboarded,WindowsServer2019,1809,,Active,False,,,Medium,,,,,,"[""Arc""]",b5d0c01c-bf08-4354-8e81-9412ae4ffb7e,,False,,7792,,,DeviceInfo
,10.8798.17763.7792,0220e4c274577c1dba179f1812d031a7757ffaae,kingslanding.sevenkingdoms.local,,False,"[{""UserName"":""localuser"",""DomainName"":""SEVENKINGDOMS"",""Sid"":""S-1-5-21-3730121682-1558260717-1313176974-1000""}]",GOAD,64-bit,17763,WindowsServer2019,10.0,GOADa7ff41-GOAD-DC01,639033620151964300,2026-01-07T05:52:53.583000Z,2026-01-07T05:52:53.583000Z,,Endpoint,,Server,Domain Joined,,,,Onboarded,WindowsServer2019,1809,,Active,False,,,Medium,,,,,,"[""Arc""]",e0790d1a-da7c-44af-82e6-7ba7ca1d5359,,False,,7792,,,DeviceInfo
,10.8798.17763.7792,71a0557094bd79802ccb878bb11ac78612973c24,castelblack.north.sevenkingdoms.local,,False,"[{""UserName"":""localuser"",""DomainName"":""CASTELBLACK"",""Sid"":""S-1-5-21-2428024234-3189697923-2318280212-1000""}]",UnassignedGroup,64-bit,17763,WindowsServer2019,10.0,GOADa7ff41-GOAD-SRV02,639033666130689800,2026-01-07T07:09:23.939000Z,2026-01-07T07:09:23.939000Z,,Endpoint,,Server,Domain Joined,,,,Onboarded,WindowsServer2019,1809,,Active,False,,,Medium,,,,,,"[""Arc""]",dd0932af-112f-478a-a873-d64f7666785a,,False,,7792,,,DeviceInfo
,10.8798.17763.7792,0220e4c274577c1dba179f1812d031a7757ffaae,kingslanding.sevenkingdoms.local,,False,"[{""UserName"":""localuser"",""DomainName"":""SEVENKINGDOMS"",""Sid"":""S-1-5-21-3730121682-1558260717-1313176974-1000""}]",GOAD,64-bit,17763,WindowsServer2019,10.0,GOADa7ff41-GOAD-DC01,639033692458870500,2026-01-07T07:53:16.204000Z,2026-01-07T07:53:16.204000Z,,Endpoint,,Server,Domain Joined,,,,Onboarded,WindowsServer2019,1809,,Active,False,,,Medium,,,,,,"[""Arc""]",e0790d1a-da7c-44af-82e6-7ba7ca1d5359,,False,,7792,,,DeviceInfo
,10.8798.17763.7792,0220e4c274577c1dba179f1812d031a7757ffaae,kingslanding.sevenkingdoms.local,,False,"[{""UserName"":""localuser"",""DomainName"":""SEVENKINGDOMS"",""Sid"":""S-1-5-21-3730121682-1558260717-1313176974-1000""}]",GOAD,64-bit,17763,WindowsServer2019,10.0,GOADa7ff41-GOAD-DC01,639033728597419600,2026-01-07T08:53:22.324000Z,2026-01-07T08:53:22.324000Z,,Endpoint,,Server,Domain Joined,,,,Onboarded,WindowsServer2019,1809,,Active,False,,,Medium,,,,,,"[""Arc""]",e0790d1a-da7c-44af-82e6-7ba7ca1d5359,,False,,7792,,,DeviceInfo
,10.8798.17763.7792,71a0557094bd79802ccb878bb11ac78612973c24,castelblack.north.sevenkingdoms.local,,False,"[{""UserName"":""localuser"",""DomainName"":""CASTELBLACK"",""Sid"":""S-1-5-21-2428024234-3189697923-2318280212-1000""}]",UnassignedGroup,64-bit,17763,WindowsServer2019,10.0,GOADa7ff41-GOAD-SRV02,639033751031105900,2026-01-07T09:22:52.984000Z,2026-01-07T09:22:52.984000Z,,Endpoint,,Server,Domain Joined,,,,Onboarded,WindowsServer2019,1809,,Active,False,,,Medium,,,,,,"[""Arc""]",dd0932af-112f-478a-a873-d64f7666785a,,False,,7792,,,DeviceInfo
,10.8798.17763.7792,0220e4c274577c1dba179f1812d031a7757ffaae,kingslanding.sevenkingdoms.local,,False,"[{""UserName"":""localuser"",""DomainName"":""SEVENKINGDOMS"",""Sid"":""S-1-5-21-3730121682-1558260717-1313176974-1000""}]",GOAD,64-bit,17763,WindowsServer2019,10.0,GOADa7ff41-GOAD-DC01,639033776849509800,2026-01-07T10:07:19.320000Z,2026-01-07T10:07:19.320000Z,,Endpoint,,Server,Domain Joined,,,,Onboarded,WindowsServer2019,1809,,Active,False,,,Medium,,,,,,"[""Arc""]",e0790d1a-da7c-44af-82e6-7ba7ca1d5359,,False,,7792,,,DeviceInfo
,10.8798.17763.7792,536672e83b4ef2f109c5d44e37a947eedcfb6b4b,winterfell.north.sevenkingdoms.local,,False,"[{""UserName"":""localuser"",""DomainName"":""NORTH"",""Sid"":""S-1-5-21-2975077076-1813412092-533620653-1000""}]",UnassignedGroup,64-bit,17763,WindowsServer2019,10.0,GOADa7ff41-GOAD-DC02,639033796144495900,2026-01-07T10:46:11.907000Z,2026-01-07T10:46:11.907000Z,,Endpoint,,Server,Domain Joined,,,,Onboarded,WindowsServer2019,1809,,Active,False,,,Medium,,,,,,"[""Arc""]",b5d0c01c-bf08-4354-8e81-9412ae4ffb7e,,False,,7792,,,DeviceInfo
,10.8798.17763.7792,0220e4c274577c1dba179f1812d031a7757ffaae,kingslanding.sevenkingdoms.local,,False,"[{""UserName"":""localuser"",""DomainName"":""SEVENKINGDOMS"",""Sid"":""S-1-5-21-3730121682-1558260717-1313176974-1000""}]",GOAD,64-bit,17763,WindowsServer2019,10.0,GOADa7ff41-GOAD-DC01,639031251923769000,2026-01-04T12:05:05.185000Z,2026-01-04T12:05:05.185000Z,,Endpoint,,Server,Domain Joined,,,,Onboarded,WindowsServer2019,1809,,Active,False,,,Medium,,,,,,"[""Arc""]",e0790d1a-da7c-44af-82e6-7ba7ca1d5359,,False,,7792,,,DeviceInfo
,10.8798.17763.7792,71a0557094bd79802ccb878bb11ac78612973c24,castelblack.north.sevenkingdoms.local,,False,"[{""UserName"":""localuser"",""DomainName"":""CASTELBLACK"",""Sid"":""S-1-5-21-2428024234-3189697923-2318280212-1000""}]",UnassignedGroup,64-bit,17763,WindowsServer2019,10.0,GOADa7ff41-GOAD-SRV02,639031254889007400,2026-01-04T12:11:13.871000Z,2026-01-04T12:11:13.871000Z,,Endpoint,,Server,Domain Joined,,,,Onboarded,WindowsServer2019,1809,,Active,False,,,Medium,,,,,,"[""Arc""]",dd0932af-112f-478a-a873-d64f7666785a,,False,,7792,,,DeviceInfo
,10.8798.17763.7792,536672e83b4ef2f109c5d44e37a947eedcfb6b4b,winterfell.north.sevenkingdoms.local,,False,"[{""UserName"":""localuser"",""DomainName"":""NORTH"",""Sid"":""S-1-5-21-2975077076-1813412092-533620653-1000""}]",UnassignedGroup,64-bit,17763,WindowsServer2019,10.0,GOADa7ff41-GOAD-DC02,639031321635805600,2026-01-04T14:01:48.626000Z,2026-01-04T14:01:48.626000Z,,Endpoint,,Server,Domain Joined,,,,Onboarded,WindowsServer2019,1809,,Active,False,,,Medium,,,,,,"[""Arc""]",b5d0c01c-bf08-4354-8e81-9412ae4ffb7e,,False,,7792,,,DeviceInfo
,10.8798.17763.7792,71a0557094bd79802ccb878bb11ac78612973c24,castelblack.north.sevenkingdoms.local,,False,"[{""UserName"":""localuser"",""DomainName"":""CASTELBLACK"",""Sid"":""S-1-5-21-2428024234-3189697923-2318280212-1000""}]",UnassignedGroup,64-bit,17763,WindowsServer2019,10.0,GOADa7ff41-GOAD-SRV02,639031363286622600,2026-01-04T15:11:27.736000Z,2026-01-04T15:11:27.736000Z,,Endpoint,,Server,Domain Joined,,,,Onboarded,WindowsServer2019,1809,,Active,False,,,Medium,,,,,,"[""Arc""]",dd0932af-112f-478a-a873-d64f7666785a,,False,,7792,,,DeviceInfo
,10.8798.17763.7792,536672e83b4ef2f109c5d44e37a947eedcfb6b4b,winterfell.north.sevenkingdoms.local,,False,"[{""UserName"":""localuser"",""DomainName"":""NORTH"",""Sid"":""S-1-5-21-2975077076-1813412092-533620653-1000""}]",UnassignedGroup,64-bit,17763,WindowsServer2019,10.0,GOADa7ff41-GOAD-DC02,639031464942530200,2026-01-04T17:57:56.359000Z,2026-01-04T17:57:56.359000Z,,Endpoint,,Server,Domain Joined,,,,Onboarded,WindowsServer2019,1809,,Active,False,,,Medium,,,,,,"[""Arc""]",b5d0c01c-bf08-4354-8e81-9412ae4ffb7e,,False,,7792,,,DeviceInfo
,10.8798.17763.7792,0220e4c274577c1dba179f1812d031a7757ffaae,kingslanding.sevenkingdoms.local,,False,"[{""UserName"":""localuser"",""DomainName"":""SEVENKINGDOMS"",""Sid"":""S-1-5-21-3730121682-1558260717-1313176974-1000""}]",GOAD,64-bit,17763,WindowsServer2019,10.0,GOADa7ff41-GOAD-DC01,639031287369348600,2026-01-04T13:05:08.671000Z,2026-01-04T13:05:08.671000Z,,Endpoint,,Server,Domain Joined,,,,Onboarded,WindowsServer2019,1809,,Active,False,,,Medium,,,,,,"[""Arc""]",e0790d1a-da7c-44af-82e6-7ba7ca1d5359,,False,,7792,,,DeviceInfo
,10.8798.17763.7792,536672e83b4ef2f109c5d44e37a947eedcfb6b4b,winterfell.north.sevenkingdoms.local,,False,"[{""UserName"":""localuser"",""DomainName"":""NORTH"",""Sid"":""S-1-5-21-2975077076-1813412092-533620653-1000""}]",UnassignedGroup,64-bit,17763,WindowsServer2019,10.0,GOADa7ff41-GOAD-DC02,639031285882839700,2026-01-04T12:57:56.366000Z,2026-01-04T12:57:56.366000Z,,Endpoint,,Server,Domain Joined,,,,Onboarded,WindowsServer2019,1809,,Active,False,,,Medium,,,,,,"[""Arc""]",b5d0c01c-bf08-4354-8e81-9412ae4ffb7e,,False,,7792,,,DeviceInfo
,10.8798.17763.7792,71a0557094bd79802ccb878bb11ac78612973c24,castelblack.north.sevenkingdoms.local,,False,"[{""UserName"":""localuser"",""DomainName"":""CASTELBLACK"",""Sid"":""S-1-5-21-2428024234-3189697923-2318280212-1000""}]",UnassignedGroup,64-bit,17763,WindowsServer2019,10.0,GOADa7ff41-GOAD-SRV02,639031291272867100,2026-01-04T13:11:18.742000Z,2026-01-04T13:11:18.742000Z,,Endpoint,,Server,Domain Joined,,,,Onboarded,WindowsServer2019,1809,,Active,False,,,Medium,,,,,,"[""Arc""]",dd0932af-112f-478a-a873-d64f7666785a,,False,,7792,,,DeviceInfo
,10.8798.17763.7792,0220e4c274577c1dba179f1812d031a7757ffaae,kingslanding.sevenkingdoms.local,,False,"[{""UserName"":""localuser"",""DomainName"":""SEVENKINGDOMS"",""Sid"":""S-1-5-21-3730121682-1558260717-1313176974-1000""}]",GOAD,64-bit,17763,WindowsServer2019,10.0,GOADa7ff41-GOAD-DC01,639031324030539000,2026-01-04T14:05:11.372000Z,2026-01-04T14:05:11.372000Z,,Endpoint,,Server,Domain Joined,,,,Onboarded,WindowsServer2019,1809,,Active,False,,,Medium,,,,,,"[""Arc""]",e0790d1a-da7c-44af-82e6-7ba7ca1d5359,,False,,7792,,,DeviceInfo
,10.8798.17763.7792,71a0557094bd79802ccb878bb11ac78612973c24,castelblack.north.sevenkingdoms.local,,False,"[{""UserName"":""localuser"",""DomainName"":""CASTELBLACK"",""Sid"":""S-1-5-21-2428024234-3189697923-2318280212-1000""}]",UnassignedGroup,64-bit,17763,WindowsServer2019,10.0,GOADa7ff41-GOAD-SRV02,639031327320033000,2026-01-04T14:11:23.003000Z,2026-01-04T14:11:23.003000Z,,Endpoint,,Server,Domain Joined,,,,Onboarded,WindowsServer2019,1809,,Active,False,,,Medium,,,,,,"[""Arc""]",dd0932af-112f-478a-a873-d64f7666785a,,False,,7792,,,DeviceInfo
,10.8798.17763.7792,536672e83b4ef2f109c5d44e37a947eedcfb6b4b,winterfell.north.sevenkingdoms.local,,False,"[{""UserName"":""localuser"",""DomainName"":""NORTH"",""Sid"":""S-1-5-21-2975077076-1813412092-533620653-1000""}]",UnassignedGroup,64-bit,17763,WindowsServer2019,10.0,GOADa7ff41-GOAD-DC02,639031357650136600,2026-01-04T14:57:56.352000Z,2026-01-04T14:57:56.352000Z,,Endpoint,,Server,Domain Joined,,,,Onboarded,WindowsServer2019,1809,,Active,False,,,Medium,,,,,,"[""Arc""]",b5d0c01c-bf08-4354-8e81-9412ae4ffb7e,,False,,7792,,,DeviceInfo
,10.8798.17763.7792,0220e4c274577c1dba179f1812d031a7757ffaae,kingslanding.sevenkingdoms.local,,False,"[{""UserName"":""localuser"",""DomainName"":""SEVENKINGDOMS"",""Sid"":""S-1-5-21-3730121682-1558260717-1313176974-1000""}]",GOAD,64-bit,17763,WindowsServer2019,10.0,GOADa7ff41-GOAD-DC01,639031359573857900,2026-01-04T15:05:13.320000Z,2026-01-04T15:05:13.320000Z,,Endpoint,,Server,Domain Joined,,,,Onboarded,WindowsServer2019,1809,,Active,False,,,Medium,,,,,,"[""Arc""]",e0790d1a-da7c-44af-82e6-7ba7ca1d5359,,False,,7792,,,DeviceInfo
,10.8798.17763.7792,0220e4c274577c1dba179f1812d031a7757ffaae,kingslanding.sevenkingdoms.local,,False,"[{""UserName"":""localuser"",""DomainName"":""SEVENKINGDOMS"",""Sid"":""S-1-5-21-3730121682-1558260717-1313176974-1000""}]",GOAD,64-bit,17763,WindowsServer2019,10.0,GOADa7ff41-GOAD-DC01,639031395468123100,2026-01-04T16:05:16.906000Z,2026-01-04T16:05:16.906000Z,,Endpoint,,Server,Domain Joined,,,,Onboarded,WindowsServer2019,1809,,Active,False,,,Medium,,,,,,"[""Arc""]",e0790d1a-da7c-44af-82e6-7ba7ca1d5359,,False,,7792,,,DeviceInfo
,10.8798.17763.7792,536672e83b4ef2f109c5d44e37a947eedcfb6b4b,winterfell.north.sevenkingdoms.local,,False,"[{""UserName"":""localuser"",""DomainName"":""NORTH"",""Sid"":""S-1-5-21-2975077076-1813412092-533620653-1000""}]",UnassignedGroup,64-bit,17763,WindowsServer2019,10.0,GOADa7ff41-GOAD-DC02,639031393290631400,2026-01-04T15:57:56.358000Z,2026-01-04T15:57:56.358000Z,,Endpoint,,Server,Domain Joined,,,,Onboarded,WindowsServer2019,1809,,Active,False,,,Medium,,,,,,"[""Arc""]",b5d0c01c-bf08-4354-8e81-9412ae4ffb7e,,False,,7792,,,DeviceInfo
,10.8798.17763.7792,536672e83b4ef2f109c5d44e37a947eedcfb6b4b,winterfell.north.sevenkingdoms.local,,False,"[{""UserName"":""localuser"",""DomainName"":""NORTH"",""Sid"":""S-1-5-21-2975077076-1813412092-533620653-1000""}]",UnassignedGroup,64-bit,17763,WindowsServer2019,10.0,GOADa7ff41-GOAD-DC02,639031429269659000,2026-01-04T16:57:56.359000Z,2026-01-04T16:57:56.359000Z,,Endpoint,,Server,Domain Joined,,,,Onboarded,WindowsServer2019,1809,,Active,False,,,Medium,,,,,,"[""Arc""]",b5d0c01c-bf08-4354-8e81-9412ae4ffb7e,,False,,7792,,,DeviceInfo
,10.8798.17763.7792,0220e4c274577c1dba179f1812d031a7757ffaae,kingslanding.sevenkingdoms.local,,False,"[{""UserName"":""localuser"",""DomainName"":""SEVENKINGDOMS"",""Sid"":""S-1-5-21-3730121682-1558260717-1313176974-1000""}]",GOAD,64-bit,17763,WindowsServer2019,10.0,GOADa7ff41-GOAD-DC01,639031431417333100,2026-01-04T17:05:21.005000Z,2026-01-04T17:05:21.005000Z,,Endpoint,,Server,Domain Joined,,,,Onboarded,WindowsServer2019,1809,,Active,False,,,Medium,,,,,,"[""Arc""]",e0790d1a-da7c-44af-82e6-7ba7ca1d5359,,False,,7792,,,DeviceInfo
,10.8798.17763.7792,71a0557094bd79802ccb878bb11ac78612973c24,castelblack.north.sevenkingdoms.local,,False,"[{""UserName"":""localuser"",""DomainName"":""CASTELBLACK"",""Sid"":""S-1-5-21-2428024234-3189697923-2318280212-1000""}]",UnassignedGroup,64-bit,17763,WindowsServer2019,10.0,GOADa7ff41-GOAD-SRV02,639031399571855900,2026-01-04T16:11:30.756000Z,2026-01-04T16:11:30.756000Z,,Endpoint,,Server,Domain Joined,,,,Onboarded,WindowsServer2019,1809,,Active,False,,,Medium,,,,,,"[""Arc""]",dd0932af-112f-478a-a873-d64f7666785a,,False,,7792,,,DeviceInfo
,10.8798.17763.7792,71a0557094bd79802ccb878bb11ac78612973c24,castelblack.north.sevenkingdoms.local,,False,"[{""UserName"":""localuser"",""DomainName"":""CASTELBLACK"",""Sid"":""S-1-5-21-2428024234-3189697923-2318280212-1000""}]",UnassignedGroup,64-bit,17763,WindowsServer2019,10.0,GOADa7ff41-GOAD-SRV02,639031435486443400,2026-01-04T17:11:35.895000Z,2026-01-04T17:11:35.895000Z,,Endpoint,,Server,Domain Joined,,,,Onboarded,WindowsServer2019,1809,,Active,False,,,Medium,,,,,,"[""Arc""]",dd0932af-112f-478a-a873-d64f7666785a,,False,,7792,,,DeviceInfo
,10.8798.17763.7792,71a0557094bd79802ccb878bb11ac78612973c24,castelblack.north.sevenkingdoms.local,,False,"[{""UserName"":""localuser"",""DomainName"":""CASTELBLACK"",""Sid"":""S-1-5-21-2428024234-3189697923-2318280212-1000""}]",UnassignedGroup,64-bit,17763,WindowsServer2019,10.0,GOADa7ff41-GOAD-SRV02,639031471365597200,2026-01-04T18:11:38.152000Z,2026-01-04T18:11:38.152000Z,,Endpoint,,Server,Domain Joined,,,,Onboarded,WindowsServer2019,1809,,Active,False,,,Medium,,,,,,"[""Arc""]",dd0932af-112f-478a-a873-d64f7666785a,,False,,7792,,,DeviceInfo
,10.8798.17763.7792,0220e4c274577c1dba179f1812d031a7757ffaae,kingslanding.sevenkingdoms.local,,False,"[{""UserName"":""localuser"",""DomainName"":""SEVENKINGDOMS"",""Sid"":""S-1-5-21-3730121682-1558260717-1313176974-1000""}]",GOAD,64-bit,17763,WindowsServer2019,10.0,GOADa7ff41-GOAD-DC01,639031467983047400,2026-01-04T18:05:27.433000Z,2026-01-04T18:05:27.433000Z,,Endpoint,,Server,Domain Joined,,,,Onboarded,WindowsServer2019,1809,,Active,False,,,Medium,,,,,,"[""Arc""]",e0790d1a-da7c-44af-82e6-7ba7ca1d5359,,False,,7792,,,DeviceInfo
,10.8798.17763.7792,0220e4c274577c1dba179f1812d031a7757ffaae,kingslanding.sevenkingdoms.local,,False,"[{""UserName"":""localuser"",""DomainName"":""SEVENKINGDOMS"",""Sid"":""S-1-5-21-3730121682-1558260717-1313176974-1000""}]",GOAD,64-bit,17763,WindowsServer2019,10.0,GOADa7ff41-GOAD-DC01,639033307778732800,2026-01-06T21:12:12.304000Z,2026-01-06T21:12:12.304000Z,,Endpoint,,Server,Domain Joined,,,,Onboarded,WindowsServer2019,1809,,Active,False,,,Medium,,,,,,"[""Arc""]",e0790d1a-da7c-44af-82e6-7ba7ca1d5359,,False,,7792,,,DeviceInfo
,10.8798.17763.7792,536672e83b4ef2f109c5d44e37a947eedcfb6b4b,winterfell.north.sevenkingdoms.local,,False,"[{""UserName"":""localuser"",""DomainName"":""NORTH"",""Sid"":""S-1-5-21-2975077076-1813412092-533620653-1000""}]",UnassignedGroup,64-bit,17763,WindowsServer2019,10.0,GOADa7ff41-GOAD-DC02,639033308896430100,2026-01-06T21:14:13.405000Z,2026-01-06T21:14:13.405000Z,,Endpoint,,Server,Domain Joined,,,,Onboarded,WindowsServer2019,1809,,Active,False,,,Medium,,,,,,"[""Arc""]",b5d0c01c-bf08-4354-8e81-9412ae4ffb7e,,False,,7792,,,DeviceInfo
,10.8798.17763.7792,0220e4c274577c1dba179f1812d031a7757ffaae,kingslanding.sevenkingdoms.local,,False,"[{""UserName"":""localuser"",""DomainName"":""SEVENKINGDOMS"",""Sid"":""S-1-5-21-3730121682-1558260717-1313176974-1000""}]",GOAD,64-bit,17763,WindowsServer2019,10.0,GOADa7ff41-GOAD-DC01,639033335856276200,2026-01-06T21:52:19.319000Z,2026-01-06T21:52:19.319000Z,,Endpoint,,Server,Domain Joined,,,,Onboarded,WindowsServer2019,1809,,Active,False,,,Medium,,,,,,"[""Arc""]",e0790d1a-da7c-44af-82e6-7ba7ca1d5359,,False,,7792,,,DeviceInfo
,10.8798.17763.7792,0220e4c274577c1dba179f1812d031a7757ffaae,kingslanding.sevenkingdoms.local,,False,"[{""UserName"":""localuser"",""DomainName"":""SEVENKINGDOMS"",""Sid"":""S-1-5-21-3730121682-1558260717-1313176974-1000""}]",GOAD,64-bit,17763,WindowsServer2019,10.0,GOADa7ff41-GOAD-DC01,639033370240553900,2026-01-06T22:52:19.317000Z,2026-01-06T22:52:19.317000Z,,Endpoint,,Server,Domain Joined,,,,Onboarded,WindowsServer2019,1809,,Active,False,,,Medium,,,,,,"[""Arc""]",e0790d1a-da7c-44af-82e6-7ba7ca1d5359,,False,,7792,,,DeviceInfo
,10.8798.17763.7792,71a0557094bd79802ccb878bb11ac78612973c24,castelblack.north.sevenkingdoms.local,,False,"[{""UserName"":""localuser"",""DomainName"":""CASTELBLACK"",""Sid"":""S-1-5-21-2428024234-3189697923-2318280212-1000""}]",UnassignedGroup,64-bit,17763,WindowsServer2019,10.0,GOADa7ff41-GOAD-SRV02,639033419171000200,2026-01-07T00:08:52.683000Z,2026-01-07T00:08:52.683000Z,,Endpoint,,Server,Domain Joined,,,,Onboarded,WindowsServer2019,1809,,Active,False,,,Medium,,,,,,"[""Arc""]",dd0932af-112f-478a-a873-d64f7666785a,,False,,7792,,,DeviceInfo
,10.8798.17763.7792,0220e4c274577c1dba179f1812d031a7757ffaae,kingslanding.sevenkingdoms.local,,False,"[{""UserName"":""localuser"",""DomainName"":""SEVENKINGDOMS"",""Sid"":""S-1-5-21-3730121682-1558260717-1313176974-1000""}]",GOAD,64-bit,17763,WindowsServer2019,10.0,GOADa7ff41-GOAD-DC01,639033440011530500,2026-01-07T00:52:26.138000Z,2026-01-07T00:52:26.138000Z,,Endpoint,,Server,Domain Joined,,,,Onboarded,WindowsServer2019,1809,,Active,False,,,Medium,,,,,,"[""Arc""]",e0790d1a-da7c-44af-82e6-7ba7ca1d5359,,False,,7792,,,DeviceInfo
,10.8798.17763.7792,536672e83b4ef2f109c5d44e37a947eedcfb6b4b,winterfell.north.sevenkingdoms.local,,False,"[{""UserName"":""localuser"",""DomainName"":""NORTH"",""Sid"":""S-1-5-21-2975077076-1813412092-533620653-1000""}]",UnassignedGroup,64-bit,17763,WindowsServer2019,10.0,GOADa7ff41-GOAD-DC02,639033462199907800,2026-01-07T01:29:31.752000Z,2026-01-07T01:29:31.752000Z,,Endpoint,,Server,Domain Joined,,,,Onboarded,WindowsServer2019,1809,,Active,False,,,Medium,,,,,,"[""Arc""]",b5d0c01c-bf08-4354-8e81-9412ae4ffb7e,,False,,7792,,,DeviceInfo
,10.8798.17763.7792,0220e4c274577c1dba179f1812d031a7757ffaae,kingslanding.sevenkingdoms.local,,False,"[{""UserName"":""localuser"",""DomainName"":""SEVENKINGDOMS"",""Sid"":""S-1-5-21-3730121682-1558260717-1313176974-1000""}]",GOAD,64-bit,17763,WindowsServer2019,10.0,GOADa7ff41-GOAD-DC01,639033548165257100,2026-01-07T03:52:39.460000Z,2026-01-07T03:52:39.460000Z,,Endpoint,,Server,Domain Joined,,,,Onboarded,WindowsServer2019,1809,,Active,False,,,Medium,,,,,,"[""Arc""]",e0790d1a-da7c-44af-82e6-7ba7ca1d5359,,False,,7792,,,DeviceInfo
,10.8798.17763.7792,536672e83b4ef2f109c5d44e37a947eedcfb6b4b,winterfell.north.sevenkingdoms.local,,False,"[{""UserName"":""localuser"",""DomainName"":""NORTH"",""Sid"":""S-1-5-21-2975077076-1813412092-533620653-1000""}]",UnassignedGroup,64-bit,17763,WindowsServer2019,10.0,GOADa7ff41-GOAD-DC02,639033570401922600,2026-01-07T04:29:49.358000Z,2026-01-07T04:29:49.358000Z,,Endpoint,,Server,Domain Joined,,,,Onboarded,WindowsServer2019,1809,,Active,False,,,Medium,,,,,,"[""Arc""]",b5d0c01c-bf08-4354-8e81-9412ae4ffb7e,,False,,7792,,,DeviceInfo
,10.8798.17763.7792,536672e83b4ef2f109c5d44e37a947eedcfb6b4b,winterfell.north.sevenkingdoms.local,,False,"[{""UserName"":""localuser"",""DomainName"":""NORTH"",""Sid"":""S-1-5-21-2975077076-1813412092-533620653-1000""}]",UnassignedGroup,64-bit,17763,WindowsServer2019,10.0,GOADa7ff41-GOAD-DC02,639033642393406200,2026-01-07T06:30:03.227000Z,2026-01-07T06:30:03.227000Z,,Endpoint,,Server,Domain Joined,,,,Onboarded,WindowsServer2019,1809,,Active,False,,,Medium,,,,,,"[""Arc""]",b5d0c01c-bf08-4354-8e81-9412ae4ffb7e,,False,,7792,,,DeviceInfo
,10.8798.17763.7792,0220e4c274577c1dba179f1812d031a7757ffaae,kingslanding.sevenkingdoms.local,,False,"[{""UserName"":""localuser"",""DomainName"":""SEVENKINGDOMS"",""Sid"":""S-1-5-21-3730121682-1558260717-1313176974-1000""}]",GOAD,64-bit,17763,WindowsServer2019,10.0,GOADa7ff41-GOAD-DC01,639033656279747800,2026-01-07T06:52:57.306000Z,2026-01-07T06:52:57.306000Z,,Endpoint,,Server,Domain Joined,,,,Onboarded,WindowsServer2019,1809,,Active,False,,,Medium,,,,,,"[""Arc""]",e0790d1a-da7c-44af-82e6-7ba7ca1d5359,,False,,7792,,,DeviceInfo
,10.8798.17763.7792,0220e4c274577c1dba179f1812d031a7757ffaae,kingslanding.sevenkingdoms.local,,False,"[{""UserName"":""localuser"",""DomainName"":""SEVENKINGDOMS"",""Sid"":""S-1-5-21-3730121682-1558260717-1313176974-1000""}]",GOAD,64-bit,17763,WindowsServer2019,10.0,GOADa7ff41-GOAD-DC01,639033747424065900,2026-01-07T09:22:19.320000Z,2026-01-07T09:22:19.320000Z,,Endpoint,,Server,Domain Joined,,,,Onboarded,WindowsServer2019,1809,,Active,False,,,Medium,,,,,,"[""Arc""]",e0790d1a-da7c-44af-82e6-7ba7ca1d5359,,False,,7792,,,DeviceInfo
,10.8798.17763.7792,536672e83b4ef2f109c5d44e37a947eedcfb6b4b,winterfell.north.sevenkingdoms.local,,False,"[{""UserName"":""localuser"",""DomainName"":""NORTH"",""Sid"":""S-1-5-21-2975077076-1813412092-533620653-1000""}]",UnassignedGroup,64-bit,17763,WindowsServer2019,10.0,GOADa7ff41-GOAD-DC02,639033763095252400,2026-01-07T09:42:56.361000Z,2026-01-07T09:42:56.361000Z,,Endpoint,,Server,Domain Joined,,,,Onboarded,WindowsServer2019,1809,,Active,False,,,Medium,,,,,,"[""Arc""]",b5d0c01c-bf08-4354-8e81-9412ae4ffb7e,,False,,7792,,,DeviceInfo
,10.8798.17763.7792,71a0557094bd79802ccb878bb11ac78612973c24,castelblack.north.sevenkingdoms.local,,False,"[{""UserName"":""localuser"",""DomainName"":""CASTELBLACK"",""Sid"":""S-1-5-21-2428024234-3189697923-2318280212-1000""}]",UnassignedGroup,64-bit,17763,WindowsServer2019,10.0,GOADa7ff41-GOAD-SRV02,639033783796162700,2026-01-07T10:25:02.947000Z,2026-01-07T10:25:02.947000Z,,Endpoint,,Server,Domain Joined,,,,Onboarded,WindowsServer2019,1809,,Active,False,,,Medium,,,,,,"[""Arc""]",dd0932af-112f-478a-a873-d64f7666785a,,False,,7792,,,DeviceInfo
,10.8798.17763.7792,71a0557094bd79802ccb878bb11ac78612973c24,castelblack.north.sevenkingdoms.local,,False,"[{""UserName"":""localuser"",""DomainName"":""CASTELBLACK"",""Sid"":""S-1-5-21-2428024234-3189697923-2318280212-1000""}]",UnassignedGroup,64-bit,17763,WindowsServer2019,10.0,GOADa7ff41-GOAD-SRV02,639033819714736600,2026-01-07T11:25:11.037000Z,2026-01-07T11:25:11.037000Z,,Endpoint,,Server,Domain Joined,,,,Onboarded,WindowsServer2019,1809,,Active,False,,,Medium,,,,,,"[""Arc""]",dd0932af-112f-478a-a873-d64f7666785a,,False,,7792,,,DeviceInfo
,10.8210.19041.2006,4ea8fd5d341dfda4d5119d7694a4ef1418256c59,casterlyrock.sevenkingdoms.local,,False,"[{""UserName"":""localuser"",""DomainName"":""CASTERLYROCK"",""Sid"":""S-1-5-21-3713504507-1819471056-20737139-1000""}]",GOAD,64-bit,19045,Windows10,10.0,,639033831482908400,2026-01-07T11:39:11.623000Z,2026-01-07T11:39:11.623000Z,,Endpoint,,Workstation,Domain Joined,,,,Onboarded,Windows10,22H2,,Active,False,,,High,,,,,,,,,False,,2006,,,DeviceInfo
,10.8210.19041.2006,4ea8fd5d341dfda4d5119d7694a4ef1418256c59,casterlyrock.sevenkingdoms.local,,False,"[{""UserName"":""localuser"",""DomainName"":""CASTERLYROCK"",""Sid"":""S-1-5-21-3713504507-1819471056-20737139-1000""}]",GOAD,64-bit,19045,Windows10,10.0,,639033834295791200,2026-01-07T11:39:11.623000Z,2026-01-07T11:39:11.623000Z,,Endpoint,,Workstation,Domain Joined,,,,Onboarded,Windows10,22H2,,Active,False,,,High,,,,,,,,,False,,2006,,,DeviceInfo
,10.8798.17763.7792,71a0557094bd79802ccb878bb11ac78612973c24,castelblack.north.sevenkingdoms.local,,False,"[{""UserName"":""localuser"",""DomainName"":""CASTELBLACK"",""Sid"":""S-1-5-21-2428024234-3189697923-2318280212-1000""}]",UnassignedGroup,64-bit,17763,WindowsServer2019,10.0,GOADa7ff41-GOAD-SRV02,639031508596269200,2026-01-04T19:13:47.246000Z,2026-01-04T19:13:47.246000Z,,Endpoint,,Server,Domain Joined,,,,Onboarded,WindowsServer2019,1809,,Active,False,,,Medium,,,,,,"[""Arc""]",dd0932af-112f-478a-a873-d64f7666785a,,False,,7792,,,DeviceInfo
,10.8798.17763.7792,71a0557094bd79802ccb878bb11ac78612973c24,castelblack.north.sevenkingdoms.local,,False,"[{""UserName"":""localuser"",""DomainName"":""CASTELBLACK"",""Sid"":""S-1-5-21-2428024234-3189697923-2318280212-1000""}]",UnassignedGroup,64-bit,17763,WindowsServer2019,10.0,GOADa7ff41-GOAD-SRV02,639031544878795900,2026-01-04T20:13:50.708000Z,2026-01-04T20:13:50.708000Z,,Endpoint,,Server,Domain Joined,,,,Onboarded,WindowsServer2019,1809,,Active,False,,,Medium,,,,,,"[""Arc""]",dd0932af-112f-478a-a873-d64f7666785a,,False,,7792,,,DeviceInfo
,10.8798.17763.7792,536672e83b4ef2f109c5d44e37a947eedcfb6b4b,winterfell.north.sevenkingdoms.local,,False,"[{""UserName"":""localuser"",""DomainName"":""NORTH"",""Sid"":""S-1-5-21-2975077076-1813412092-533620653-1000""}]",UnassignedGroup,64-bit,17763,WindowsServer2019,10.0,GOADa7ff41-GOAD-DC02,639031608162409100,2026-01-04T21:59:27.315000Z,2026-01-04T21:59:27.315000Z,,Endpoint,,Server,Domain Joined,,,,Onboarded,WindowsServer2019,1809,,Active,False,,,Medium,,,,,,"[""Arc""]",b5d0c01c-bf08-4354-8e81-9412ae4ffb7e,,False,,7792,,,DeviceInfo
,10.8798.17763.7792,0220e4c274577c1dba179f1812d031a7757ffaae,kingslanding.sevenkingdoms.local,,False,"[{""UserName"":""localuser"",""DomainName"":""SEVENKINGDOMS"",""Sid"":""S-1-5-21-3730121682-1558260717-1313176974-1000""}]",GOAD,64-bit,17763,WindowsServer2019,10.0,GOADa7ff41-GOAD-DC01,639031649528138900,2026-01-04T23:07:47.115000Z,2026-01-04T23:07:47.115000Z,,Endpoint,,Server,Domain Joined,,,,Onboarded,WindowsServer2019,1809,,Active,False,,,Medium,,,,,,"[""Arc""]",e0790d1a-da7c-44af-82e6-7ba7ca1d5359,,False,,7792,,,DeviceInfo
,10.8798.17763.7792,71a0557094bd79802ccb878bb11ac78612973c24,castelblack.north.sevenkingdoms.local,,False,"[{""UserName"":""localuser"",""DomainName"":""CASTELBLACK"",""Sid"":""S-1-5-21-2428024234-3189697923-2318280212-1000""}]",UnassignedGroup,64-bit,17763,WindowsServer2019,10.0,GOADa7ff41-GOAD-SRV02,639031731215346300,2026-01-05T01:24:14.743000Z,2026-01-05T01:24:14.743000Z,,Endpoint,,Server,Domain Joined,,,,Onboarded,WindowsServer2019,1809,,Active,False,,,Medium,,,,,,"[""Arc""]",dd0932af-112f-478a-a873-d64f7666785a,,False,,7792,,,DeviceInfo
,10.8798.17763.7792,0220e4c274577c1dba179f1812d031a7757ffaae,kingslanding.sevenkingdoms.local,,False,"[{""UserName"":""localuser"",""DomainName"":""SEVENKINGDOMS"",""Sid"":""S-1-5-21-3730121682-1558260717-1313176974-1000""}]",GOAD,64-bit,17763,WindowsServer2019,10.0,GOADa7ff41-GOAD-DC01,639031787498154000,2026-01-05T02:58:02.750000Z,2026-01-05T02:58:02.750000Z,,Endpoint,,Server,Domain Joined,,,,Onboarded,WindowsServer2019,1809,,Active,False,,,Medium,,,,,,"[""Arc""]",e0790d1a-da7c-44af-82e6-7ba7ca1d5359,,False,,7792,,,DeviceInfo
,10.8798.17763.7792,536672e83b4ef2f109c5d44e37a947eedcfb6b4b,winterfell.north.sevenkingdoms.local,,False,"[{""UserName"":""localuser"",""DomainName"":""NORTH"",""Sid"":""S-1-5-21-2975077076-1813412092-533620653-1000""}]",UnassignedGroup,64-bit,17763,WindowsServer2019,10.0,GOADa7ff41-GOAD-DC02,639031788459955300,2026-01-05T02:59:50.805000Z,2026-01-05T02:59:50.805000Z,,Endpoint,,Server,Domain Joined,,,,Onboarded,WindowsServer2019,1809,,Active,False,,,Medium,,,,,,"[""Arc""]",b5d0c01c-bf08-4354-8e81-9412ae4ffb7e,,False,,7792,,,DeviceInfo
,10.8798.17763.7792,0220e4c274577c1dba179f1812d031a7757ffaae,kingslanding.sevenkingdoms.local,,False,"[{""UserName"":""localuser"",""DomainName"":""SEVENKINGDOMS"",""Sid"":""S-1-5-21-3730121682-1558260717-1313176974-1000""}]",GOAD,64-bit,17763,WindowsServer2019,10.0,GOADa7ff41-GOAD-DC01,639031823220735000,2026-01-05T03:58:08.266000Z,2026-01-05T03:58:08.266000Z,,Endpoint,,Server,Domain Joined,,,,Onboarded,WindowsServer2019,1809,,Active,False,,,Medium,,,,,,"[""Arc""]",e0790d1a-da7c-44af-82e6-7ba7ca1d5359,,False,,7792,,,DeviceInfo
,10.8798.17763.7792,536672e83b4ef2f109c5d44e37a947eedcfb6b4b,winterfell.north.sevenkingdoms.local,,False,"[{""UserName"":""localuser"",""DomainName"":""NORTH"",""Sid"":""S-1-5-21-2975077076-1813412092-533620653-1000""}]",UnassignedGroup,64-bit,17763,WindowsServer2019,10.0,GOADa7ff41-GOAD-DC02,639031824419453600,2026-01-05T03:59:52.585000Z,2026-01-05T03:59:52.585000Z,,Endpoint,,Server,Domain Joined,,,,Onboarded,WindowsServer2019,1809,,Active,False,,,Medium,,,,,,"[""Arc""]",b5d0c01c-bf08-4354-8e81-9412ae4ffb7e,,False,,7792,,,DeviceInfo
,10.8798.17763.7792,71a0557094bd79802ccb878bb11ac78612973c24,castelblack.north.sevenkingdoms.local,,False,"[{""UserName"":""localuser"",""DomainName"":""CASTELBLACK"",""Sid"":""S-1-5-21-2428024234-3189697923-2318280212-1000""}]",UnassignedGroup,64-bit,17763,WindowsServer2019,10.0,GOADa7ff41-GOAD-SRV02,639031839052998000,2026-01-05T04:24:22.950000Z,2026-01-05T04:24:22.950000Z,,Endpoint,,Server,Domain Joined,,,,Onboarded,WindowsServer2019,1809,,Active,False,,,Medium,,,,,,"[""Arc""]",dd0932af-112f-478a-a873-d64f7666785a,,False,,7792,,,DeviceInfo
,10.8798.17763.7792,0220e4c274577c1dba179f1812d031a7757ffaae,kingslanding.sevenkingdoms.local,,False,"[{""UserName"":""localuser"",""DomainName"":""SEVENKINGDOMS"",""Sid"":""S-1-5-21-3730121682-1558260717-1313176974-1000""}]",GOAD,64-bit,17763,WindowsServer2019,10.0,GOADa7ff41-GOAD-DC01,639032007934290000,2026-01-05T08:52:19.319000Z,2026-01-05T08:52:19.319000Z,,Endpoint,,Server,Domain Joined,,,,Onboarded,WindowsServer2019,1809,,Active,False,,,Medium,,,,,,"[""Arc""]",e0790d1a-da7c-44af-82e6-7ba7ca1d5359,,False,,7792,,,DeviceInfo
,10.8798.17763.7792,536672e83b4ef2f109c5d44e37a947eedcfb6b4b,winterfell.north.sevenkingdoms.local,,False,"[{""UserName"":""localuser"",""DomainName"":""NORTH"",""Sid"":""S-1-5-21-2975077076-1813412092-533620653-1000""}]",UnassignedGroup,64-bit,17763,WindowsServer2019,10.0,GOADa7ff41-GOAD-DC02,639032016980681600,2026-01-05T09:12:56.362000Z,2026-01-05T09:12:56.362000Z,,Endpoint,,Server,Domain Joined,,,,Onboarded,WindowsServer2019,1809,,Active,False,,,Medium,,,,,,"[""Arc""]",b5d0c01c-bf08-4354-8e81-9412ae4ffb7e,,False,,7792,,,DeviceInfo
,10.8798.17763.7792,0220e4c274577c1dba179f1812d031a7757ffaae,kingslanding.sevenkingdoms.local,,False,"[{""UserName"":""localuser"",""DomainName"":""SEVENKINGDOMS"",""Sid"":""S-1-5-21-3730121682-1558260717-1313176974-1000""}]",GOAD,64-bit,17763,WindowsServer2019,10.0,GOADa7ff41-GOAD-DC01,639032037063411600,2026-01-05T09:54:13.911000Z,2026-01-05T09:54:13.911000Z,,Endpoint,,Server,Domain Joined,,,,Onboarded,WindowsServer2019,1809,,Active,False,,,Medium,,,,,,"[""Arc""]",e0790d1a-da7c-44af-82e6-7ba7ca1d5359,,False,,7792,,,DeviceInfo
,10.8798.17763.7792,71a0557094bd79802ccb878bb11ac78612973c24,castelblack.north.sevenkingdoms.local,,False,"[{""UserName"":""localuser"",""DomainName"":""CASTELBLACK"",""Sid"":""S-1-5-21-2428024234-3189697923-2318280212-1000""}]",UnassignedGroup,64-bit,17763,WindowsServer2019,10.0,GOADa7ff41-GOAD-SRV02,639032082743860500,2026-01-05T11:10:14.755000Z,2026-01-05T11:10:14.755000Z,,Endpoint,,Server,Domain Joined,,,,Onboarded,WindowsServer2019,1809,,Active,False,,,Medium,,,,,,"[""Arc""]",dd0932af-112f-478a-a873-d64f7666785a,,False,,7792,,,DeviceInfo
,10.8798.17763.7792,0220e4c274577c1dba179f1812d031a7757ffaae,kingslanding.sevenkingdoms.local,,False,"[{""UserName"":""localuser"",""DomainName"":""SEVENKINGDOMS"",""Sid"":""S-1-5-21-3730121682-1558260717-1313176974-1000""}]",GOAD,64-bit,17763,WindowsServer2019,10.0,GOADa7ff41-GOAD-DC01,639032105834933000,2026-01-05T11:49:21.997000Z,2026-01-05T11:49:21.997000Z,,Endpoint,,Server,Domain Joined,,,,Onboarded,WindowsServer2019,1809,,Active,False,,,Medium,,,,,,"[""Arc""]",e0790d1a-da7c-44af-82e6-7ba7ca1d5359,,False,,7792,,,DeviceInfo
,10.8798.17763.7792,71a0557094bd79802ccb878bb11ac78612973c24,castelblack.north.sevenkingdoms.local,,False,"[{""UserName"":""localuser"",""DomainName"":""CASTELBLACK"",""Sid"":""S-1-5-21-2428024234-3189697923-2318280212-1000""}]",UnassignedGroup,64-bit,17763,WindowsServer2019,10.0,GOADa7ff41-GOAD-SRV02,639032154957999600,2026-01-05T13:10:33.427000Z,2026-01-05T13:10:33.427000Z,,Endpoint,,Server,Domain Joined,,,,Onboarded,WindowsServer2019,1809,,Active,False,,,Medium,,,,,,"[""Arc""]",dd0932af-112f-478a-a873-d64f7666785a,,False,,7792,,,DeviceInfo
,10.8798.17763.7792,0220e4c274577c1dba179f1812d031a7757ffaae,kingslanding.sevenkingdoms.local,,False,"[{""UserName"":""localuser"",""DomainName"":""SEVENKINGDOMS"",""Sid"":""S-1-5-21-3730121682-1558260717-1313176974-1000""}]",GOAD,64-bit,17763,WindowsServer2019,10.0,GOADa7ff41-GOAD-DC01,639032238170637200,2026-01-05T15:29:45.562000Z,2026-01-05T15:29:45.562000Z,,Endpoint,,Server,Domain Joined,,,,Onboarded,WindowsServer2019,1809,,Active,False,,,Medium,,,,,,"[""Arc""]",e0790d1a-da7c-44af-82e6-7ba7ca1d5359,,False,,7792,,,DeviceInfo
,10.8798.17763.7792,536672e83b4ef2f109c5d44e37a947eedcfb6b4b,winterfell.north.sevenkingdoms.local,,False,"[{""UserName"":""localuser"",""DomainName"":""NORTH"",""Sid"":""S-1-5-21-2975077076-1813412092-533620653-1000""}]",UnassignedGroup,64-bit,17763,WindowsServer2019,10.0,GOADa7ff41-GOAD-DC02,639031571839137200,2026-01-04T20:59:22.654000Z,2026-01-04T20:59:22.654000Z,,Endpoint,,Server,Domain Joined,,,,Onboarded,WindowsServer2019,1809,,Active,False,,,Medium,,,,,,"[""Arc""]",b5d0c01c-bf08-4354-8e81-9412ae4ffb7e,,False,,7792,,,DeviceInfo
,10.8798.17763.7792,71a0557094bd79802ccb878bb11ac78612973c24,castelblack.north.sevenkingdoms.local,,False,"[{""UserName"":""localuser"",""DomainName"":""CASTELBLACK"",""Sid"":""S-1-5-21-2428024234-3189697923-2318280212-1000""}]",UnassignedGroup,64-bit,17763,WindowsServer2019,10.0,GOADa7ff41-GOAD-SRV02,639032335128329200,2026-01-05T18:11:00.453000Z,2026-01-05T18:11:00.453000Z,,Endpoint,,Server,Domain Joined,,,,Onboarded,WindowsServer2019,1809,,Active,False,,,Medium,,,,,,"[""Arc""]",dd0932af-112f-478a-a873-d64f7666785a,,False,,7792,,,DeviceInfo
,10.8798.17763.7792,0220e4c274577c1dba179f1812d031a7757ffaae,kingslanding.sevenkingdoms.local,,False,"[{""UserName"":""localuser"",""DomainName"":""SEVENKINGDOMS"",""Sid"":""S-1-5-21-3730121682-1558260717-1313176974-1000""}]",GOAD,64-bit,17763,WindowsServer2019,10.0,GOADa7ff41-GOAD-DC01,639031751010466700,2026-01-05T01:58:00.314000Z,2026-01-05T01:58:00.314000Z,,Endpoint,,Server,Domain Joined,,,,Onboarded,WindowsServer2019,1809,,Active,False,,,Medium,,,,,,"[""Arc""]",e0790d1a-da7c-44af-82e6-7ba7ca1d5359,,False,,7792,,,DeviceInfo
,10.8798.17763.7792,71a0557094bd79802ccb878bb11ac78612973c24,castelblack.north.sevenkingdoms.local,,False,"[{""UserName"":""localuser"",""DomainName"":""CASTELBLACK"",""Sid"":""S-1-5-21-2428024234-3189697923-2318280212-1000""}]",UnassignedGroup,64-bit,17763,WindowsServer2019,10.0,GOADa7ff41-GOAD-SRV02,639031767139276700,2026-01-05T02:24:17.212000Z,2026-01-05T02:24:17.212000Z,,Endpoint,,Server,Domain Joined,,,,Onboarded,WindowsServer2019,1809,,Active,False,,,Medium,,,,,,"[""Arc""]",dd0932af-112f-478a-a873-d64f7666785a,,False,,7792,,,DeviceInfo
,10.8798.17763.7792,0220e4c274577c1dba179f1812d031a7757ffaae,kingslanding.sevenkingdoms.local,,False,"[{""UserName"":""localuser"",""DomainName"":""SEVENKINGDOMS"",""Sid"":""S-1-5-21-3730121682-1558260717-1313176974-1000""}]",GOAD,64-bit,17763,WindowsServer2019,10.0,GOADa7ff41-GOAD-DC01,639031859915957600,2026-01-05T04:58:12.376000Z,2026-01-05T04:58:12.376000Z,,Endpoint,,Server,Domain Joined,,,,Onboarded,WindowsServer2019,1809,,Active,False,,,Medium,,,,,,"[""Arc""]",e0790d1a-da7c-44af-82e6-7ba7ca1d5359,,False,,7792,,,DeviceInfo
,10.8798.17763.7792,71a0557094bd79802ccb878bb11ac78612973c24,castelblack.north.sevenkingdoms.local,,False,"[{""UserName"":""localuser"",""DomainName"":""CASTELBLACK"",""Sid"":""S-1-5-21-2428024234-3189697923-2318280212-1000""}]",UnassignedGroup,64-bit,17763,WindowsServer2019,10.0,GOADa7ff41-GOAD-SRV02,639032024327964500,2026-01-05T09:22:52.992000Z,2026-01-05T09:22:52.992000Z,,Endpoint,,Server,Domain Joined,,,,Onboarded,WindowsServer2019,1809,,Active,False,,,Medium,,,,,,"[""Arc""]",dd0932af-112f-478a-a873-d64f7666785a,,False,,7792,,,DeviceInfo
,10.8798.17763.7792,71a0557094bd79802ccb878bb11ac78612973c24,castelblack.north.sevenkingdoms.local,,False,"[{""UserName"":""localuser"",""DomainName"":""CASTELBLACK"",""Sid"":""S-1-5-21-2428024234-3189697923-2318280212-1000""}]",UnassignedGroup,64-bit,17763,WindowsServer2019,10.0,GOADa7ff41-GOAD-SRV02,639032046402643800,2026-01-05T10:10:10.632000Z,2026-01-05T10:10:10.632000Z,,Endpoint,,Server,Domain Joined,,,,Onboarded,WindowsServer2019,1809,,Active,False,,,Medium,,,,,,"[""Arc""]",dd0932af-112f-478a-a873-d64f7666785a,,False,,7792,,,DeviceInfo
,10.8798.17763.7792,536672e83b4ef2f109c5d44e37a947eedcfb6b4b,winterfell.north.sevenkingdoms.local,,False,"[{""UserName"":""localuser"",""DomainName"":""NORTH"",""Sid"":""S-1-5-21-2975077076-1813412092-533620653-1000""}]",UnassignedGroup,64-bit,17763,WindowsServer2019,10.0,GOADa7ff41-GOAD-DC02,639031500658540000,2026-01-04T18:57:56.361000Z,2026-01-04T18:57:56.361000Z,,Endpoint,,Server,Domain Joined,,,,Onboarded,WindowsServer2019,1809,,Active,False,,,Medium,,,,,,"[""Arc""]",b5d0c01c-bf08-4354-8e81-9412ae4ffb7e,,False,,7792,,,DeviceInfo
,10.8798.17763.7792,0220e4c274577c1dba179f1812d031a7757ffaae,kingslanding.sevenkingdoms.local,,False,"[{""UserName"":""localuser"",""DomainName"":""SEVENKINGDOMS"",""Sid"":""S-1-5-21-3730121682-1558260717-1313176974-1000""}]",GOAD,64-bit,17763,WindowsServer2019,10.0,GOADa7ff41-GOAD-DC01,639031503840921900,2026-01-04T19:05:29.648000Z,2026-01-04T19:05:29.648000Z,,Endpoint,,Server,Domain Joined,,,,Onboarded,WindowsServer2019,1809,,Active,False,,,Medium,,,,,,"[""Arc""]",e0790d1a-da7c-44af-82e6-7ba7ca1d5359,,False,,7792,,,DeviceInfo
,10.8798.17763.7792,536672e83b4ef2f109c5d44e37a947eedcfb6b4b,winterfell.north.sevenkingdoms.local,,False,"[{""UserName"":""localuser"",""DomainName"":""NORTH"",""Sid"":""S-1-5-21-2975077076-1813412092-533620653-1000""}]",UnassignedGroup,64-bit,17763,WindowsServer2019,10.0,GOADa7ff41-GOAD-DC02,639031536570285300,2026-01-04T19:57:56.365000Z,2026-01-04T19:57:56.365000Z,,Endpoint,,Server,Domain Joined,,,,Onboarded,WindowsServer2019,1809,,Active,False,,,Medium,,,,,,"[""Arc""]",b5d0c01c-bf08-4354-8e81-9412ae4ffb7e,,False,,7792,,,DeviceInfo
,10.8798.17763.7792,71a0557094bd79802ccb878bb11ac78612973c24,castelblack.north.sevenkingdoms.local,,False,"[{""UserName"":""localuser"",""DomainName"":""CASTELBLACK"",""Sid"":""S-1-5-21-2428024234-3189697923-2318280212-1000""}]",UnassignedGroup,64-bit,17763,WindowsServer2019,10.0,GOADa7ff41-GOAD-SRV02,639031588824486900,2026-01-04T21:22:52.984000Z,2026-01-04T21:22:52.984000Z,,Endpoint,,Server,Domain Joined,,,,Onboarded,WindowsServer2019,1809,,Active,False,,,Medium,,,,,,"[""Arc""]",dd0932af-112f-478a-a873-d64f7666785a,,False,,7792,,,DeviceInfo
,10.8798.17763.7792,536672e83b4ef2f109c5d44e37a947eedcfb6b4b,winterfell.north.sevenkingdoms.local,,False,"[{""UserName"":""localuser"",""DomainName"":""NORTH"",""Sid"":""S-1-5-21-2975077076-1813412092-533620653-1000""}]",UnassignedGroup,64-bit,17763,WindowsServer2019,10.0,GOADa7ff41-GOAD-DC02,639032118164927100,2026-01-05T12:06:19.053000Z,2026-01-05T12:06:19.053000Z,,Endpoint,,Server,Domain Joined,,,,Onboarded,WindowsServer2019,1809,,Active,False,,,Medium,,,,,,"[""Arc""]",b5d0c01c-bf08-4354-8e81-9412ae4ffb7e,,False,,7792,,,DeviceInfo
,10.8798.17763.7792,71a0557094bd79802ccb878bb11ac78612973c24,castelblack.north.sevenkingdoms.local,,False,"[{""UserName"":""localuser"",""DomainName"":""CASTELBLACK"",""Sid"":""S-1-5-21-2428024234-3189697923-2318280212-1000""}]",UnassignedGroup,64-bit,17763,WindowsServer2019,10.0,GOADa7ff41-GOAD-SRV02,639032118593434900,2026-01-05T12:10:21.399000Z,2026-01-05T12:10:21.399000Z,,Endpoint,,Server,Domain Joined,,,,Onboarded,WindowsServer2019,1809,,Active,False,,,Medium,,,,,,"[""Arc""]",dd0932af-112f-478a-a873-d64f7666785a,,False,,7792,,,DeviceInfo
,10.8798.17763.7792,71a0557094bd79802ccb878bb11ac78612973c24,castelblack.north.sevenkingdoms.local,,False,"[{""UserName"":""localuser"",""DomainName"":""CASTELBLACK"",""Sid"":""S-1-5-21-2428024234-3189697923-2318280212-1000""}]",UnassignedGroup,64-bit,17763,WindowsServer2019,10.0,GOADa7ff41-GOAD-SRV02,639032190983584400,2026-01-05T14:10:36.390000Z,2026-01-05T14:10:36.390000Z,,Endpoint,,Server,Domain Joined,,,,Onboarded,WindowsServer2019,1809,,Active,False,,,Medium,,,,,,"[""Arc""]",dd0932af-112f-478a-a873-d64f7666785a,,False,,7792,,,DeviceInfo
,10.8798.17763.7792,0220e4c274577c1dba179f1812d031a7757ffaae,kingslanding.sevenkingdoms.local,,False,"[{""UserName"":""localuser"",""DomainName"":""SEVENKINGDOMS"",""Sid"":""S-1-5-21-3730121682-1558260717-1313176974-1000""}]",GOAD,64-bit,17763,WindowsServer2019,10.0,GOADa7ff41-GOAD-DC01,639031540770011000,2026-01-04T20:07:31.785000Z,2026-01-04T20:07:31.785000Z,,Endpoint,,Server,Domain Joined,,,,Onboarded,WindowsServer2019,1809,,Active,False,,,Medium,,,,,,"[""Arc""]",e0790d1a-da7c-44af-82e6-7ba7ca1d5359,,False,,7792,,,DeviceInfo
,10.8798.17763.7792,0220e4c274577c1dba179f1812d031a7757ffaae,kingslanding.sevenkingdoms.local,,False,"[{""UserName"":""localuser"",""DomainName"":""SEVENKINGDOMS"",""Sid"":""S-1-5-21-3730121682-1558260717-1313176974-1000""}]",GOAD,64-bit,17763,WindowsServer2019,10.0,GOADa7ff41-GOAD-DC01,639031612952591900,2026-01-04T22:07:40.933000Z,2026-01-04T22:07:40.933000Z,,Endpoint,,Server,Domain Joined,,,,Onboarded,WindowsServer2019,1809,,Active,False,,,Medium,,,,,,"[""Arc""]",e0790d1a-da7c-44af-82e6-7ba7ca1d5359,,False,,7792,,,DeviceInfo
,10.8798.17763.7792,0220e4c274577c1dba179f1812d031a7757ffaae,kingslanding.sevenkingdoms.local,,False,"[{""UserName"":""localuser"",""DomainName"":""SEVENKINGDOMS"",""Sid"":""S-1-5-21-3730121682-1558260717-1313176974-1000""}]",GOAD,64-bit,17763,WindowsServer2019,10.0,GOADa7ff41-GOAD-DC01,639031577591233200,2026-01-04T21:07:35.544000Z,2026-01-04T21:07:35.544000Z,,Endpoint,,Server,Domain Joined,,,,Onboarded,WindowsServer2019,1809,,Active,False,,,Medium,,,,,,"[""Arc""]",e0790d1a-da7c-44af-82e6-7ba7ca1d5359,,False,,7792,,,DeviceInfo
,10.8798.17763.7792,71a0557094bd79802ccb878bb11ac78612973c24,castelblack.north.sevenkingdoms.local,,False,"[{""UserName"":""localuser"",""DomainName"":""CASTELBLACK"",""Sid"":""S-1-5-21-2428024234-3189697923-2318280212-1000""}]",UnassignedGroup,64-bit,17763,WindowsServer2019,10.0,GOADa7ff41-GOAD-SRV02,639031580829418800,2026-01-04T21:13:54.873000Z,2026-01-04T21:13:54.873000Z,,Endpoint,,Server,Domain Joined,,,,Onboarded,WindowsServer2019,1809,,Active,False,,,Medium,,,,,,"[""Arc""]",dd0932af-112f-478a-a873-d64f7666785a,,False,,7792,,,DeviceInfo
,10.8798.17763.7792,536672e83b4ef2f109c5d44e37a947eedcfb6b4b,winterfell.north.sevenkingdoms.local,,False,"[{""UserName"":""localuser"",""DomainName"":""NORTH"",""Sid"":""S-1-5-21-2975077076-1813412092-533620653-1000""}]",UnassignedGroup,64-bit,17763,WindowsServer2019,10.0,GOADa7ff41-GOAD-DC02,639031680270642300,2026-01-04T23:59:39.355000Z,2026-01-04T23:59:39.355000Z,,Endpoint,,Server,Domain Joined,,,,Onboarded,WindowsServer2019,1809,,Active,False,,,Medium,,,,,,"[""Arc""]",b5d0c01c-bf08-4354-8e81-9412ae4ffb7e,,False,,7792,,,DeviceInfo
,10.8798.17763.7792,536672e83b4ef2f109c5d44e37a947eedcfb6b4b,winterfell.north.sevenkingdoms.local,,False,"[{""UserName"":""localuser"",""DomainName"":""NORTH"",""Sid"":""S-1-5-21-2975077076-1813412092-533620653-1000""}]",UnassignedGroup,64-bit,17763,WindowsServer2019,10.0,GOADa7ff41-GOAD-DC02,639031681898755100,2026-01-04T23:59:39.355000Z,2026-01-04T23:59:39.355000Z,,Endpoint,,Server,Domain Joined,,,,Onboarded,WindowsServer2019,1809,,Active,False,,,Medium,,,,,,"[""Arc""]",b5d0c01c-bf08-4354-8e81-9412ae4ffb7e,,False,,7792,,,DeviceInfo
,10.8798.17763.7792,536672e83b4ef2f109c5d44e37a947eedcfb6b4b,winterfell.north.sevenkingdoms.local,,False,"[{""UserName"":""localuser"",""DomainName"":""NORTH"",""Sid"":""S-1-5-21-2975077076-1813412092-533620653-1000""}]",UnassignedGroup,64-bit,17763,WindowsServer2019,10.0,GOADa7ff41-GOAD-DC02,639032257754573800,2026-01-05T16:01:42.083000Z,2026-01-05T16:01:42.083000Z,,Endpoint,,Server,Domain Joined,,,,Onboarded,WindowsServer2019,1809,,Active,False,,,Medium,,,,,,"[""Arc""]",b5d0c01c-bf08-4354-8e81-9412ae4ffb7e,,False,,7792,,,DeviceInfo
,10.8798.17763.7792,71a0557094bd79802ccb878bb11ac78612973c24,castelblack.north.sevenkingdoms.local,,False,"[{""UserName"":""localuser"",""DomainName"":""CASTELBLACK"",""Sid"":""S-1-5-21-2428024234-3189697923-2318280212-1000""}]",UnassignedGroup,64-bit,17763,WindowsServer2019,10.0,GOADa7ff41-GOAD-SRV02,639031622998654800,2026-01-04T22:24:03.567000Z,2026-01-04T22:24:03.567000Z,,Endpoint,,Server,Domain Joined,,,,Onboarded,WindowsServer2019,1809,,Active,False,,,Medium,,,,,,"[""Arc""]",dd0932af-112f-478a-a873-d64f7666785a,,False,,7792,,,DeviceInfo
,10.8798.17763.7792,536672e83b4ef2f109c5d44e37a947eedcfb6b4b,winterfell.north.sevenkingdoms.local,,False,"[{""UserName"":""localuser"",""DomainName"":""NORTH"",""Sid"":""S-1-5-21-2975077076-1813412092-533620653-1000""}]",UnassignedGroup,64-bit,17763,WindowsServer2019,10.0,GOADa7ff41-GOAD-DC02,639031644053130900,2026-01-04T22:59:33.267000Z,2026-01-04T22:59:33.267000Z,,Endpoint,,Server,Domain Joined,,,,Onboarded,WindowsServer2019,1809,,Active,False,,,Medium,,,,,,"[""Arc""]",b5d0c01c-bf08-4354-8e81-9412ae4ffb7e,,False,,7792,,,DeviceInfo
,10.8798.17763.7792,71a0557094bd79802ccb878bb11ac78612973c24,castelblack.north.sevenkingdoms.local,,False,"[{""UserName"":""localuser"",""DomainName"":""CASTELBLACK"",""Sid"":""S-1-5-21-2428024234-3189697923-2318280212-1000""}]",UnassignedGroup,64-bit,17763,WindowsServer2019,10.0,GOADa7ff41-GOAD-SRV02,639031695184836900,2026-01-05T00:24:12.953000Z,2026-01-05T00:24:12.953000Z,,Endpoint,,Server,Domain Joined,,,,Onboarded,WindowsServer2019,1809,,Active,False,,,Medium,,,,,,"[""Arc""]",dd0932af-112f-478a-a873-d64f7666785a,,False,,7792,,,DeviceInfo
,10.8798.17763.7792,71a0557094bd79802ccb878bb11ac78612973c24,castelblack.north.sevenkingdoms.local,,False,"[{""UserName"":""localuser"",""DomainName"":""CASTELBLACK"",""Sid"":""S-1-5-21-2428024234-3189697923-2318280212-1000""}]",UnassignedGroup,64-bit,17763,WindowsServer2019,10.0,GOADa7ff41-GOAD-SRV02,639031659521224000,2026-01-04T23:24:08.840000Z,2026-01-04T23:24:08.840000Z,,Endpoint,,Server,Domain Joined,,,,Onboarded,WindowsServer2019,1809,,Active,False,,,Medium,,,,,,"[""Arc""]",dd0932af-112f-478a-a873-d64f7666785a,,False,,7792,,,DeviceInfo
,10.8798.17763.7792,0220e4c274577c1dba179f1812d031a7757ffaae,kingslanding.sevenkingdoms.local,,False,"[{""UserName"":""localuser"",""DomainName"":""SEVENKINGDOMS"",""Sid"":""S-1-5-21-3730121682-1558260717-1313176974-1000""}]",GOAD,64-bit,17763,WindowsServer2019,10.0,GOADa7ff41-GOAD-DC01,639032274371399600,2026-01-05T16:30:08.537000Z,2026-01-05T16:30:08.537000Z,,Endpoint,,Server,Domain Joined,,,,Onboarded,WindowsServer2019,1809,,Active,False,,,Medium,,,,,,"[""Arc""]",e0790d1a-da7c-44af-82e6-7ba7ca1d5359,,False,,7792,,,DeviceInfo
,10.8798.17763.7792,0220e4c274577c1dba179f1812d031a7757ffaae,kingslanding.sevenkingdoms.local,,False,"[{""UserName"":""localuser"",""DomainName"":""SEVENKINGDOMS"",""Sid"":""S-1-5-21-3730121682-1558260717-1313176974-1000""}]",GOAD,64-bit,17763,WindowsServer2019,10.0,GOADa7ff41-GOAD-DC01,639031717873687600,2026-01-05T00:54:31.530000Z,2026-01-05T00:54:31.530000Z,,Endpoint,,Server,Domain Joined,,,,Onboarded,WindowsServer2019,1809,,Active,False,,,Medium,,,,,,"[""Arc""]",e0790d1a-da7c-44af-82e6-7ba7ca1d5359,,False,,7792,,,DeviceInfo
,10.8798.17763.7792,536672e83b4ef2f109c5d44e37a947eedcfb6b4b,winterfell.north.sevenkingdoms.local,,False,"[{""UserName"":""localuser"",""DomainName"":""NORTH"",""Sid"":""S-1-5-21-2975077076-1813412092-533620653-1000""}]",UnassignedGroup,64-bit,17763,WindowsServer2019,10.0,GOADa7ff41-GOAD-DC02,639031716488979000,2026-01-05T00:59:42.074000Z,2026-01-05T00:59:42.074000Z,,Endpoint,,Server,Domain Joined,,,,Onboarded,WindowsServer2019,1809,,Active,False,,,Medium,,,,,,"[""Arc""]",b5d0c01c-bf08-4354-8e81-9412ae4ffb7e,,False,,7792,,,DeviceInfo
,10.8798.17763.7792,0220e4c274577c1dba179f1812d031a7757ffaae,kingslanding.sevenkingdoms.local,,False,"[{""UserName"":""localuser"",""DomainName"":""SEVENKINGDOMS"",""Sid"":""S-1-5-21-3730121682-1558260717-1313176974-1000""}]",GOAD,64-bit,17763,WindowsServer2019,10.0,GOADa7ff41-GOAD-DC01,639031685322929900,2026-01-05T00:07:49.404000Z,2026-01-05T00:07:49.404000Z,,Endpoint,,Server,Domain Joined,,,,Onboarded,WindowsServer2019,1809,,Active,False,,,Medium,,,,,,"[""Arc""]",e0790d1a-da7c-44af-82e6-7ba7ca1d5359,,False,,7792,,,DeviceInfo
,10.8798.17763.7792,536672e83b4ef2f109c5d44e37a947eedcfb6b4b,winterfell.north.sevenkingdoms.local,,False,"[{""UserName"":""localuser"",""DomainName"":""NORTH"",""Sid"":""S-1-5-21-2975077076-1813412092-533620653-1000""}]",UnassignedGroup,64-bit,17763,WindowsServer2019,10.0,GOADa7ff41-GOAD-DC02,639031752551095700,2026-01-05T01:59:47.468000Z,2026-01-05T01:59:47.468000Z,,Endpoint,,Server,Domain Joined,,,,Onboarded,WindowsServer2019,1809,,Active,False,,,Medium,,,,,,"[""Arc""]",b5d0c01c-bf08-4354-8e81-9412ae4ffb7e,,False,,7792,,,DeviceInfo
,10.8798.17763.7792,536672e83b4ef2f109c5d44e37a947eedcfb6b4b,winterfell.north.sevenkingdoms.local,,False,"[{""UserName"":""localuser"",""DomainName"":""NORTH"",""Sid"":""S-1-5-21-2975077076-1813412092-533620653-1000""}]",UnassignedGroup,64-bit,17763,WindowsServer2019,10.0,GOADa7ff41-GOAD-DC02,639032294161527200,2026-01-05T17:01:55.711000Z,2026-01-05T17:01:55.711000Z,,Endpoint,,Server,Domain Joined,,,,Onboarded,WindowsServer2019,1809,,Active,False,,,Medium,,,,,,"[""Arc""]",b5d0c01c-bf08-4354-8e81-9412ae4ffb7e,,False,,7792,,,DeviceInfo
,10.8798.17763.7792,0220e4c274577c1dba179f1812d031a7757ffaae,kingslanding.sevenkingdoms.local,,False,"[{""UserName"":""localuser"",""DomainName"":""SEVENKINGDOMS"",""Sid"":""S-1-5-21-3730121682-1558260717-1313176974-1000""}]",GOAD,64-bit,17763,WindowsServer2019,10.0,GOADa7ff41-GOAD-DC01,639032310525179900,2026-01-05T17:30:12.139000Z,2026-01-05T17:30:12.139000Z,,Endpoint,,Server,Domain Joined,,,,Onboarded,WindowsServer2019,1809,,Active,False,,,Medium,,,,,,"[""Arc""]",e0790d1a-da7c-44af-82e6-7ba7ca1d5359,,False,,7792,,,DeviceInfo
,10.8798.17763.7792,71a0557094bd79802ccb878bb11ac78612973c24,castelblack.north.sevenkingdoms.local,,False,"[{""UserName"":""localuser"",""DomainName"":""CASTELBLACK"",""Sid"":""S-1-5-21-2428024234-3189697923-2318280212-1000""}]",UnassignedGroup,64-bit,17763,WindowsServer2019,10.0,GOADa7ff41-GOAD-SRV02,639031802911807000,2026-01-05T03:24:20.605000Z,2026-01-05T03:24:20.605000Z,,Endpoint,,Server,Domain Joined,,,,Onboarded,WindowsServer2019,1809,,Active,False,,,Medium,,,,,,"[""Arc""]",dd0932af-112f-478a-a873-d64f7666785a,,False,,7792,,,DeviceInfo
,10.8798.17763.7792,536672e83b4ef2f109c5d44e37a947eedcfb6b4b,winterfell.north.sevenkingdoms.local,,False,"[{""UserName"":""localuser"",""DomainName"":""NORTH"",""Sid"":""S-1-5-21-2975077076-1813412092-533620653-1000""}]",UnassignedGroup,64-bit,17763,WindowsServer2019,10.0,GOADa7ff41-GOAD-DC02,639031860462570200,2026-01-05T04:59:57.022000Z,2026-01-05T04:59:57.022000Z,,Endpoint,,Server,Domain Joined,,,,Onboarded,WindowsServer2019,1809,,Active,False,,,Medium,,,,,,"[""Arc""]",b5d0c01c-bf08-4354-8e81-9412ae4ffb7e,,False,,7792,,,DeviceInfo
,10.8798.17763.7792,71a0557094bd79802ccb878bb11ac78612973c24,castelblack.north.sevenkingdoms.local,,False,"[{""UserName"":""localuser"",""DomainName"":""CASTELBLACK"",""Sid"":""S-1-5-21-2428024234-3189697923-2318280212-1000""}]",UnassignedGroup,64-bit,17763,WindowsServer2019,10.0,GOADa7ff41-GOAD-SRV02,639031875132570500,2026-01-05T05:24:28.851000Z,2026-01-05T05:24:28.851000Z,,Endpoint,,Server,Domain Joined,,,,Onboarded,WindowsServer2019,1809,,Active,False,,,Medium,,,,,,"[""Arc""]",dd0932af-112f-478a-a873-d64f7666785a,,False,,7792,,,DeviceInfo
,10.8798.17763.7792,71a0557094bd79802ccb878bb11ac78612973c24,castelblack.north.sevenkingdoms.local,,False,"[{""UserName"":""localuser"",""DomainName"":""CASTELBLACK"",""Sid"":""S-1-5-21-2428024234-3189697923-2318280212-1000""}]",UnassignedGroup,64-bit,17763,WindowsServer2019,10.0,GOADa7ff41-GOAD-SRV02,639031910922076300,2026-01-05T06:24:34.012000Z,2026-01-05T06:24:34.012000Z,,Endpoint,,Server,Domain Joined,,,,Onboarded,WindowsServer2019,1809,,Active,False,,,Medium,,,,,,"[""Arc""]",dd0932af-112f-478a-a873-d64f7666785a,,False,,7792,,,DeviceInfo
,10.8798.17763.7792,0220e4c274577c1dba179f1812d031a7757ffaae,kingslanding.sevenkingdoms.local,,False,"[{""UserName"":""localuser"",""DomainName"":""SEVENKINGDOMS"",""Sid"":""S-1-5-21-3730121682-1558260717-1313176974-1000""}]",GOAD,64-bit,17763,WindowsServer2019,10.0,GOADa7ff41-GOAD-DC01,639031931779129500,2026-01-05T06:58:21.317000Z,2026-01-05T06:58:21.317000Z,,Endpoint,,Server,Domain Joined,,,,Onboarded,WindowsServer2019,1809,,Active,False,,,Medium,,,,,,"[""Arc""]",e0790d1a-da7c-44af-82e6-7ba7ca1d5359,,False,,7792,,,DeviceInfo
,10.8798.17763.7792,536672e83b4ef2f109c5d44e37a947eedcfb6b4b,winterfell.north.sevenkingdoms.local,,False,"[{""UserName"":""localuser"",""DomainName"":""NORTH"",""Sid"":""S-1-5-21-2975077076-1813412092-533620653-1000""}]",UnassignedGroup,64-bit,17763,WindowsServer2019,10.0,GOADa7ff41-GOAD-DC02,639031932388276400,2026-01-05T07:00:03.146000Z,2026-01-05T07:00:03.146000Z,,Endpoint,,Server,Domain Joined,,,,Onboarded,WindowsServer2019,1809,,Active,False,,,Medium,,,,,,"[""Arc""]",b5d0c01c-bf08-4354-8e81-9412ae4ffb7e,,False,,7792,,,DeviceInfo
,10.8798.17763.7792,0220e4c274577c1dba179f1812d031a7757ffaae,kingslanding.sevenkingdoms.local,,False,"[{""UserName"":""localuser"",""DomainName"":""SEVENKINGDOMS"",""Sid"":""S-1-5-21-3730121682-1558260717-1313176974-1000""}]",GOAD,64-bit,17763,WindowsServer2019,10.0,GOADa7ff41-GOAD-DC01,639032346496562800,2026-01-05T18:30:15.296000Z,2026-01-05T18:30:15.296000Z,,Endpoint,,Server,Domain Joined,,,,Onboarded,WindowsServer2019,1809,,Active,False,,,Medium,,,,,,"[""Arc""]",e0790d1a-da7c-44af-82e6-7ba7ca1d5359,,False,,7792,,,DeviceInfo
,10.8798.17763.7792,0220e4c274577c1dba179f1812d031a7757ffaae,kingslanding.sevenkingdoms.local,,False,"[{""UserName"":""localuser"",""DomainName"":""SEVENKINGDOMS"",""Sid"":""S-1-5-21-3730121682-1558260717-1313176974-1000""}]",GOAD,64-bit,17763,WindowsServer2019,10.0,GOADa7ff41-GOAD-DC01,639031895524960600,2026-01-05T05:58:14.496000Z,2026-01-05T05:58:14.496000Z,,Endpoint,,Server,Domain Joined,,,,Onboarded,WindowsServer2019,1809,,Active,False,,,Medium,,,,,,"[""Arc""]",e0790d1a-da7c-44af-82e6-7ba7ca1d5359,,False,,7792,,,DeviceInfo
,10.8798.17763.7792,536672e83b4ef2f109c5d44e37a947eedcfb6b4b,winterfell.north.sevenkingdoms.local,,False,"[{""UserName"":""localuser"",""DomainName"":""NORTH"",""Sid"":""S-1-5-21-2975077076-1813412092-533620653-1000""}]",UnassignedGroup,64-bit,17763,WindowsServer2019,10.0,GOADa7ff41-GOAD-DC02,639031896351028400,2026-01-05T06:00:00.326000Z,2026-01-05T06:00:00.326000Z,,Endpoint,,Server,Domain Joined,,,,Onboarded,WindowsServer2019,1809,,Active,False,,,Medium,,,,,,"[""Arc""]",b5d0c01c-bf08-4354-8e81-9412ae4ffb7e,,False,,7792,,,DeviceInfo
,10.8798.17763.7792,536672e83b4ef2f109c5d44e37a947eedcfb6b4b,winterfell.north.sevenkingdoms.local,,False,"[{""UserName"":""localuser"",""DomainName"":""NORTH"",""Sid"":""S-1-5-21-2975077076-1813412092-533620653-1000""}]",UnassignedGroup,64-bit,17763,WindowsServer2019,10.0,GOADa7ff41-GOAD-DC02,639031968276010500,2026-01-05T08:00:13.521000Z,2026-01-05T08:00:13.521000Z,,Endpoint,,Server,Domain Joined,,,,Onboarded,WindowsServer2019,1809,,Active,False,,,Medium,,,,,,"[""Arc""]",b5d0c01c-bf08-4354-8e81-9412ae4ffb7e,,False,,7792,,,DeviceInfo
,10.8798.17763.7792,71a0557094bd79802ccb878bb11ac78612973c24,castelblack.north.sevenkingdoms.local,,False,"[{""UserName"":""localuser"",""DomainName"":""CASTELBLACK"",""Sid"":""S-1-5-21-2428024234-3189697923-2318280212-1000""}]",UnassignedGroup,64-bit,17763,WindowsServer2019,10.0,GOADa7ff41-GOAD-SRV02,639031947484357800,2026-01-05T07:24:42.930000Z,2026-01-05T07:24:42.930000Z,,Endpoint,,Server,Domain Joined,,,,Onboarded,WindowsServer2019,1809,,Active,False,,,Medium,,,,,,"[""Arc""]",dd0932af-112f-478a-a873-d64f7666785a,,False,,7792,,,DeviceInfo
,10.8798.17763.7792,71a0557094bd79802ccb878bb11ac78612973c24,castelblack.north.sevenkingdoms.local,,False,"[{""UserName"":""localuser"",""DomainName"":""CASTELBLACK"",""Sid"":""S-1-5-21-2428024234-3189697923-2318280212-1000""}]",UnassignedGroup,64-bit,17763,WindowsServer2019,10.0,GOADa7ff41-GOAD-SRV02,639031985673808900,2026-01-05T08:24:49.624000Z,2026-01-05T08:24:49.624000Z,,Endpoint,,Server,Domain Joined,,,,Onboarded,WindowsServer2019,1809,,Active,False,,,Medium,,,,,,"[""Arc""]",dd0932af-112f-478a-a873-d64f7666785a,,False,,7792,,,DeviceInfo
,10.8798.17763.7792,0220e4c274577c1dba179f1812d031a7757ffaae,kingslanding.sevenkingdoms.local,,False,"[{""UserName"":""localuser"",""DomainName"":""SEVENKINGDOMS"",""Sid"":""S-1-5-21-3730121682-1558260717-1313176974-1000""}]",GOAD,64-bit,17763,WindowsServer2019,10.0,GOADa7ff41-GOAD-DC01,639031968206038100,2026-01-05T07:58:42.105000Z,2026-01-05T07:58:42.105000Z,,Endpoint,,Server,Domain Joined,,,,Onboarded,WindowsServer2019,1809,,Active,False,,,Medium,,,,,,"[""Arc""]",e0790d1a-da7c-44af-82e6-7ba7ca1d5359,,False,,7792,,,DeviceInfo
,10.8798.17763.7792,536672e83b4ef2f109c5d44e37a947eedcfb6b4b,winterfell.north.sevenkingdoms.local,,False,"[{""UserName"":""localuser"",""DomainName"":""NORTH"",""Sid"":""S-1-5-21-2975077076-1813412092-533620653-1000""}]",UnassignedGroup,64-bit,17763,WindowsServer2019,10.0,GOADa7ff41-GOAD-DC02,639032004825380000,2026-01-05T09:00:46.948000Z,2026-01-05T09:00:46.948000Z,,Endpoint,,Server,Domain Joined,,,,Onboarded,WindowsServer2019,1809,,Active,False,,,Medium,,,,,,"[""Arc""]",b5d0c01c-bf08-4354-8e81-9412ae4ffb7e,,False,,7792,,,DeviceInfo
,10.8798.17763.7792,71a0557094bd79802ccb878bb11ac78612973c24,castelblack.north.sevenkingdoms.local,,False,"[{""UserName"":""localuser"",""DomainName"":""CASTELBLACK"",""Sid"":""S-1-5-21-2428024234-3189697923-2318280212-1000""}]",UnassignedGroup,64-bit,17763,WindowsServer2019,10.0,GOADa7ff41-GOAD-SRV02,639032013058426600,2026-01-05T08:52:52.995000Z,2026-01-05T08:52:52.995000Z,,Endpoint,,Server,Domain Joined,,,,Onboarded,WindowsServer2019,1809,,Active,False,,,Medium,,,,,,"[""Arc""]",dd0932af-112f-478a-a873-d64f7666785a,,False,,7792,,,DeviceInfo
,10.8798.17763.7792,536672e83b4ef2f109c5d44e37a947eedcfb6b4b,winterfell.north.sevenkingdoms.local,,False,"[{""UserName"":""localuser"",""DomainName"":""NORTH"",""Sid"":""S-1-5-21-2975077076-1813412092-533620653-1000""}]",UnassignedGroup,64-bit,17763,WindowsServer2019,10.0,GOADa7ff41-GOAD-DC02,639032050053632500,2026-01-05T10:16:02.859000Z,2026-01-05T10:16:02.859000Z,,Endpoint,,Server,Domain Joined,,,,Onboarded,WindowsServer2019,1809,,Active,False,,,Medium,,,,,,"[""Arc""]",b5d0c01c-bf08-4354-8e81-9412ae4ffb7e,,False,,7792,,,DeviceInfo
,10.8798.17763.7792,0220e4c274577c1dba179f1812d031a7757ffaae,kingslanding.sevenkingdoms.local,,False,"[{""UserName"":""localuser"",""DomainName"":""SEVENKINGDOMS"",""Sid"":""S-1-5-21-3730121682-1558260717-1313176974-1000""}]",GOAD,64-bit,17763,WindowsServer2019,10.0,GOADa7ff41-GOAD-DC01,639032069781744600,2026-01-05T10:49:15.710000Z,2026-01-05T10:49:15.710000Z,,Endpoint,,Server,Domain Joined,,,,Onboarded,WindowsServer2019,1809,,Active,False,,,Medium,,,,,,"[""Arc""]",e0790d1a-da7c-44af-82e6-7ba7ca1d5359,,False,,7792,,,DeviceInfo
,10.8798.17763.7792,0220e4c274577c1dba179f1812d031a7757ffaae,kingslanding.sevenkingdoms.local,,False,"[{""UserName"":""localuser"",""DomainName"":""SEVENKINGDOMS"",""Sid"":""S-1-5-21-3730121682-1558260717-1313176974-1000""}]",GOAD,64-bit,17763,WindowsServer2019,10.0,GOADa7ff41-GOAD-DC01,639032142412220400,2026-01-05T12:49:27.166000Z,2026-01-05T12:49:27.166000Z,,Endpoint,,Server,Domain Joined,,,,Onboarded,WindowsServer2019,1809,,Active,False,,,Medium,,,,,,"[""Arc""]",e0790d1a-da7c-44af-82e6-7ba7ca1d5359,,False,,7792,,,DeviceInfo
,10.8798.17763.7792,536672e83b4ef2f109c5d44e37a947eedcfb6b4b,winterfell.north.sevenkingdoms.local,,False,"[{""UserName"":""localuser"",""DomainName"":""NORTH"",""Sid"":""S-1-5-21-2975077076-1813412092-533620653-1000""}]",UnassignedGroup,64-bit,17763,WindowsServer2019,10.0,GOADa7ff41-GOAD-DC02,639032086131459000,2026-01-05T11:16:14.119000Z,2026-01-05T11:16:14.119000Z,,Endpoint,,Server,Domain Joined,,,,Onboarded,WindowsServer2019,1809,,Active,False,,,Medium,,,,,,"[""Arc""]",b5d0c01c-bf08-4354-8e81-9412ae4ffb7e,,False,,7792,,,DeviceInfo
,10.8798.17763.7792,71a0557094bd79802ccb878bb11ac78612973c24,castelblack.north.sevenkingdoms.local,,False,"[{""UserName"":""localuser"",""DomainName"":""CASTELBLACK"",""Sid"":""S-1-5-21-2428024234-3189697923-2318280212-1000""}]",UnassignedGroup,64-bit,17763,WindowsServer2019,10.0,GOADa7ff41-GOAD-SRV02,639032263268273300,2026-01-05T16:10:53.735000Z,2026-01-05T16:10:53.735000Z,,Endpoint,,Server,Domain Joined,,,,Onboarded,WindowsServer2019,1809,,Active,False,,,Medium,,,,,,"[""Arc""]",dd0932af-112f-478a-a873-d64f7666785a,,False,,7792,,,DeviceInfo
,10.8798.17763.7792,71a0557094bd79802ccb878bb11ac78612973c24,castelblack.north.sevenkingdoms.local,,False,"[{""UserName"":""localuser"",""DomainName"":""CASTELBLACK"",""Sid"":""S-1-5-21-2428024234-3189697923-2318280212-1000""}]",UnassignedGroup,64-bit,17763,WindowsServer2019,10.0,GOADa7ff41-GOAD-SRV02,639032299021776600,2026-01-05T17:10:58.108000Z,2026-01-05T17:10:58.108000Z,,Endpoint,,Server,Domain Joined,,,,Onboarded,WindowsServer2019,1809,,Active,False,,,Medium,,,,,,"[""Arc""]",dd0932af-112f-478a-a873-d64f7666785a,,False,,7792,,,DeviceInfo
,10.8798.17763.7792,536672e83b4ef2f109c5d44e37a947eedcfb6b4b,winterfell.north.sevenkingdoms.local,,False,"[{""UserName"":""localuser"",""DomainName"":""NORTH"",""Sid"":""S-1-5-21-2975077076-1813412092-533620653-1000""}]",UnassignedGroup,64-bit,17763,WindowsServer2019,10.0,GOADa7ff41-GOAD-DC02,639032152468146200,2026-01-05T13:06:22.006000Z,2026-01-05T13:06:22.006000Z,,Endpoint,,Server,Domain Joined,,,,Onboarded,WindowsServer2019,1809,,Active,False,,,Medium,,,,,,"[""Arc""]",b5d0c01c-bf08-4354-8e81-9412ae4ffb7e,,False,,7792,,,DeviceInfo
,10.8798.17763.7792,0220e4c274577c1dba179f1812d031a7757ffaae,kingslanding.sevenkingdoms.local,,False,"[{""UserName"":""localuser"",""DomainName"":""SEVENKINGDOMS"",""Sid"":""S-1-5-21-3730121682-1558260717-1313176974-1000""}]",GOAD,64-bit,17763,WindowsServer2019,10.0,GOADa7ff41-GOAD-DC01,639032171716397400,2026-01-05T13:29:26.582000Z,2026-01-05T13:29:26.582000Z,,Endpoint,,Server,Domain Joined,,,,Onboarded,WindowsServer2019,1809,,Active,False,,,Medium,,,,,,"[""Arc""]",e0790d1a-da7c-44af-82e6-7ba7ca1d5359,,False,,7792,,,DeviceInfo
,10.8798.17763.7792,536672e83b4ef2f109c5d44e37a947eedcfb6b4b,winterfell.north.sevenkingdoms.local,,False,"[{""UserName"":""localuser"",""DomainName"":""NORTH"",""Sid"":""S-1-5-21-2975077076-1813412092-533620653-1000""}]",UnassignedGroup,64-bit,17763,WindowsServer2019,10.0,GOADa7ff41-GOAD-DC02,639032185543829000,2026-01-05T13:59:48.977000Z,2026-01-05T13:59:48.977000Z,,Endpoint,,Server,Domain Joined,,,,Onboarded,WindowsServer2019,1809,,Active,False,,,Medium,,,,,,"[""Arc""]",b5d0c01c-bf08-4354-8e81-9412ae4ffb7e,,False,,7792,,,DeviceInfo
,10.8798.17763.7792,0220e4c274577c1dba179f1812d031a7757ffaae,kingslanding.sevenkingdoms.local,,False,"[{""UserName"":""localuser"",""DomainName"":""SEVENKINGDOMS"",""Sid"":""S-1-5-21-3730121682-1558260717-1313176974-1000""}]",GOAD,64-bit,17763,WindowsServer2019,10.0,GOADa7ff41-GOAD-DC01,639032201885694300,2026-01-05T14:29:35.029000Z,2026-01-05T14:29:35.029000Z,,Endpoint,,Server,Domain Joined,,,,Onboarded,WindowsServer2019,1809,,Active,False,,,Medium,,,,,,"[""Arc""]",e0790d1a-da7c-44af-82e6-7ba7ca1d5359,,False,,7792,,,DeviceInfo
,10.8798.17763.7792,536672e83b4ef2f109c5d44e37a947eedcfb6b4b,winterfell.north.sevenkingdoms.local,,False,"[{""UserName"":""localuser"",""DomainName"":""NORTH"",""Sid"":""S-1-5-21-2975077076-1813412092-533620653-1000""}]",UnassignedGroup,64-bit,17763,WindowsServer2019,10.0,GOADa7ff41-GOAD-DC02,639032221289254000,2026-01-05T15:01:37.765000Z,2026-01-05T15:01:37.765000Z,,Endpoint,,Server,Domain Joined,,,,Onboarded,WindowsServer2019,1809,,Active,False,,,Medium,,,,,,"[""Arc""]",b5d0c01c-bf08-4354-8e81-9412ae4ffb7e,,False,,7792,,,DeviceInfo
,10.8798.17763.7792,71a0557094bd79802ccb878bb11ac78612973c24,castelblack.north.sevenkingdoms.local,,False,"[{""UserName"":""localuser"",""DomainName"":""CASTELBLACK"",""Sid"":""S-1-5-21-2428024234-3189697923-2318280212-1000""}]",UnassignedGroup,64-bit,17763,WindowsServer2019,10.0,GOADa7ff41-GOAD-SRV02,639032227008023900,2026-01-05T15:10:41.154000Z,2026-01-05T15:10:41.154000Z,,Endpoint,,Server,Domain Joined,,,,Onboarded,WindowsServer2019,1809,,Active,False,,,Medium,,,,,,"[""Arc""]",dd0932af-112f-478a-a873-d64f7666785a,,False,,7792,,,DeviceInfo
,10.8798.17763.7792,536672e83b4ef2f109c5d44e37a947eedcfb6b4b,winterfell.north.sevenkingdoms.local,,False,"[{""UserName"":""localuser"",""DomainName"":""NORTH"",""Sid"":""S-1-5-21-2975077076-1813412092-533620653-1000""}]",UnassignedGroup,64-bit,17763,WindowsServer2019,10.0,GOADa7ff41-GOAD-DC02,639032329572754300,2026-01-05T18:01:59.443000Z,2026-01-05T18:01:59.443000Z,,Endpoint,,Server,Domain Joined,,,,Onboarded,WindowsServer2019,1809,,Active,False,,,Medium,,,,,,"[""Arc""]",b5d0c01c-bf08-4354-8e81-9412ae4ffb7e,,False,,7792,,,DeviceInfo
