AdditionalFields,ClientVersion,DeviceId,DeviceName,DeviceObjectId,IsAzureADJoined,LoggedOnUsers,MachineGroup,OSArchitecture,OSBuild,OSPlatform,OSVersion,RegistryDeviceTag,ReportId,"TimeGenerated [UTC]","Timestamp [UTC]",AadDeviceId,DeviceCategory,DeviceSubtype,DeviceType,JoinType,MergedDeviceIds,MergedToDeviceId,Model,OnboardingStatus,OSDistribution,OSVersionInfo,Vendor,SensorHealthState,IsExcluded,ExclusionReason,AssetValue,ExposureLevel,IsInternetFacing,DeviceManualTags,DeviceDynamicTags,AwsResourceName,GcpFullResourceName,CloudPlatforms,HardwareUuid,HostDeviceId,IsTransient,MitigationStatus,OsBuildRevision,RestrictedDeviceSecurityOperations,SourceSystem,Type
,"10.8798.17763.7792",71a0557094bd79802ccb878bb11ac78612973c24,"castelblack.north.sevenkingdoms.local",,false,"[{""UserName"":""localuser"",""DomainName"":""CASTELBLACK"",""Sid"":""S-1-5-21-2428024234-3189697923-2318280212-1000""}]",UnassignedGroup,"64-bit",17763,WindowsServer2019,"10.0","GOADa7ff41-GOAD-SRV02",639032371273562000,"1/5/2026, 7:07:52.990 PM","1/5/2026, 7:07:52.990 PM",,Endpoint,,Server,"Domain Joined",,,,Onboarded,WindowsServer2019,1809,,Active,false,,,Medium,,,,,,"[""Arc""]","dd0932af-112f-478a-a873-d64f7666785a",,false,,7792,,,DeviceInfo
,"10.8798.17763.7792",536672e83b4ef2f109c5d44e37a947eedcfb6b4b,"winterfell.north.sevenkingdoms.local",,false,"[{""UserName"":""localuser"",""DomainName"":""NORTH"",""Sid"":""S-1-5-21-2975077076-1813412092-533620653-1000""}]",UnassignedGroup,"64-bit",17763,WindowsServer2019,"10.0","GOADa7ff41-GOAD-DC02",639032403112715400,"1/5/2026, 8:04:07.977 PM","1/5/2026, 8:04:07.977 PM",,Endpoint,,Server,"Domain Joined",,,,Onboarded,WindowsServer2019,1809,,Active,false,,,Medium,,,,,,"[""Arc""]","b5d0c01c-bf08-4354-8e81-9412ae4ffb7e",,false,,7792,,,DeviceInfo
,"10.8798.17763.7792",536672e83b4ef2f109c5d44e37a947eedcfb6b4b,"winterfell.north.sevenkingdoms.local",,false,"[{""UserName"":""localuser"",""DomainName"":""NORTH"",""Sid"":""S-1-5-21-2975077076-1813412092-533620653-1000""}]",UnassignedGroup,"64-bit",17763,WindowsServer2019,"10.0","GOADa7ff41-GOAD-DC02",639032475085907100,"1/5/2026, 10:04:15.634 PM","1/5/2026, 10:04:15.634 PM",,Endpoint,,Server,"Domain Joined",,,,Onboarded,WindowsServer2019,1809,,Active,false,,,Medium,,,,,,"[""Arc""]","b5d0c01c-bf08-4354-8e81-9412ae4ffb7e",,false,,7792,,,DeviceInfo
,"10.8798.17763.7792",71a0557094bd79802ccb878bb11ac78612973c24,"castelblack.north.sevenkingdoms.local",,false,"[{""UserName"":""localuser"",""DomainName"":""CASTELBLACK"",""Sid"":""S-1-5-21-2428024234-3189697923-2318280212-1000""}]",UnassignedGroup,"64-bit",17763,WindowsServer2019,"10.0","GOADa7ff41-GOAD-SRV02",639032514017324300,"1/5/2026, 11:08:32.259 PM","1/5/2026, 11:08:32.259 PM",,Endpoint,,Server,"Domain Joined",,,,Onboarded,WindowsServer2019,1809,,Active,false,,,Medium,,,,,,"[""Arc""]","dd0932af-112f-478a-a873-d64f7666785a",,false,,7792,,,DeviceInfo
,"10.8798.17763.7792",71a0557094bd79802ccb878bb11ac78612973c24,"castelblack.north.sevenkingdoms.local",,false,"[{""UserName"":""localuser"",""DomainName"":""CASTELBLACK"",""Sid"":""S-1-5-21-2428024234-3189697923-2318280212-1000""}]",UnassignedGroup,"64-bit",17763,WindowsServer2019,"10.0","GOADa7ff41-GOAD-SRV02",639032582762868400,"1/6/2026, 1:03:38.443 AM","1/6/2026, 1:03:38.443 AM",,Endpoint,,Server,"Domain Joined",,,,Onboarded,WindowsServer2019,1809,,Active,false,,,Medium,,,,,,"[""Arc""]","dd0932af-112f-478a-a873-d64f7666785a",,false,,7792,,,DeviceInfo
,"10.8798.17763.7792",0220e4c274577c1dba179f1812d031a7757ffaae,"kingslanding.sevenkingdoms.local",,false,"[{""UserName"":""localuser"",""DomainName"":""SEVENKINGDOMS"",""Sid"":""S-1-5-21-3730121682-1558260717-1313176974-1000""}]",GOAD,"64-bit",17763,WindowsServer2019,"10.0","GOADa7ff41-GOAD-DC01",639032599842716300,"1/6/2026, 1:32:43.847 AM","1/6/2026, 1:32:43.847 AM",,Endpoint,,Server,"Domain Joined",,,,Onboarded,WindowsServer2019,1809,,Active,false,,,Medium,,,,,,"[""Arc""]","e0790d1a-da7c-44af-82e6-7ba7ca1d5359",,false,,7792,,,DeviceInfo
,"10.8798.17763.7792",71a0557094bd79802ccb878bb11ac78612973c24,"castelblack.north.sevenkingdoms.local",,false,"[{""UserName"":""localuser"",""DomainName"":""CASTELBLACK"",""Sid"":""S-1-5-21-2428024234-3189697923-2318280212-1000""}]",UnassignedGroup,"64-bit",17763,WindowsServer2019,"10.0","GOADa7ff41-GOAD-SRV02",639032654926041500,"1/6/2026, 3:03:46.223 AM","1/6/2026, 3:03:46.223 AM",,Endpoint,,Server,"Domain Joined",,,,Onboarded,WindowsServer2019,1809,,Active,false,,,Medium,,,,,,"[""Arc""]","dd0932af-112f-478a-a873-d64f7666785a",,false,,7792,,,DeviceInfo
,"10.8798.17763.7792",0220e4c274577c1dba179f1812d031a7757ffaae,"kingslanding.sevenkingdoms.local",,false,"[{""UserName"":""localuser"",""DomainName"":""SEVENKINGDOMS"",""Sid"":""S-1-5-21-3730121682-1558260717-1313176974-1000""}]",GOAD,"64-bit",17763,WindowsServer2019,"10.0","GOADa7ff41-GOAD-DC01",639032383828428500,"1/5/2026, 7:32:19.971 PM","1/5/2026, 7:32:19.971 PM",,Endpoint,,Server,"Domain Joined",,,,Onboarded,WindowsServer2019,1809,,Active,false,,,Medium,,,,,,"[""Arc""]","e0790d1a-da7c-44af-82e6-7ba7ca1d5359",,false,,7792,,,DeviceInfo
,"10.8798.17763.7792",536672e83b4ef2f109c5d44e37a947eedcfb6b4b,"winterfell.north.sevenkingdoms.local",,false,"[{""UserName"":""localuser"",""DomainName"":""NORTH"",""Sid"":""S-1-5-21-2975077076-1813412092-533620653-1000""}]",UnassignedGroup,"64-bit",17763,WindowsServer2019,"10.0","GOADa7ff41-GOAD-DC02",639032438921605800,"1/5/2026, 9:04:13.734 PM","1/5/2026, 9:04:13.734 PM",,Endpoint,,Server,"Domain Joined",,,,Onboarded,WindowsServer2019,1809,,Active,false,,,Medium,,,,,,"[""Arc""]","b5d0c01c-bf08-4354-8e81-9412ae4ffb7e",,false,,7792,,,DeviceInfo
,"10.8798.17763.7792",536672e83b4ef2f109c5d44e37a947eedcfb6b4b,"winterfell.north.sevenkingdoms.local",,false,"[{""UserName"":""localuser"",""DomainName"":""NORTH"",""Sid"":""S-1-5-21-2975077076-1813412092-533620653-1000""}]",UnassignedGroup,"64-bit",17763,WindowsServer2019,"10.0","GOADa7ff41-GOAD-DC02",639032365922491100,"1/5/2026, 7:02:04.046 PM","1/5/2026, 7:02:04.046 PM",,Endpoint,,Server,"Domain Joined",,,,Onboarded,WindowsServer2019,1809,,Active,false,,,Medium,,,,,,"[""Arc""]","b5d0c01c-bf08-4354-8e81-9412ae4ffb7e",,false,,7792,,,DeviceInfo
,"10.8798.17763.7792",0220e4c274577c1dba179f1812d031a7757ffaae,"kingslanding.sevenkingdoms.local",,false,"[{""UserName"":""localuser"",""DomainName"":""SEVENKINGDOMS"",""Sid"":""S-1-5-21-3730121682-1558260717-1313176974-1000""}]",GOAD,"64-bit",17763,WindowsServer2019,"10.0","GOADa7ff41-GOAD-DC01",639032708533704200,"1/6/2026, 4:33:05.224 AM","1/6/2026, 4:33:05.224 AM",,Endpoint,,Server,"Domain Joined",,,,Onboarded,WindowsServer2019,1809,,Active,false,,,Medium,,,,,,"[""Arc""]","e0790d1a-da7c-44af-82e6-7ba7ca1d5359",,false,,7792,,,DeviceInfo
,"10.8798.17763.7792",71a0557094bd79802ccb878bb11ac78612973c24,"castelblack.north.sevenkingdoms.local",,false,"[{""UserName"":""localuser"",""DomainName"":""CASTELBLACK"",""Sid"":""S-1-5-21-2428024234-3189697923-2318280212-1000""}]",UnassignedGroup,"64-bit",17763,WindowsServer2019,"10.0","GOADa7ff41-GOAD-SRV02",639032441564784400,"1/5/2026, 9:08:20.802 PM","1/5/2026, 9:08:20.802 PM",,Endpoint,,Server,"Domain Joined",,,,Onboarded,WindowsServer2019,1809,,Active,false,,,Medium,,,,,,"[""Arc""]","dd0932af-112f-478a-a873-d64f7666785a",,false,,7792,,,DeviceInfo
,"10.8798.17763.7792",71a0557094bd79802ccb878bb11ac78612973c24,"castelblack.north.sevenkingdoms.local",,false,"[{""UserName"":""localuser"",""DomainName"":""CASTELBLACK"",""Sid"":""S-1-5-21-2428024234-3189697923-2318280212-1000""}]",UnassignedGroup,"64-bit",17763,WindowsServer2019,"10.0","GOADa7ff41-GOAD-SRV02",639032405402423800,"1/5/2026, 8:08:12.475 PM","1/5/2026, 8:08:12.475 PM",,Endpoint,,Server,"Domain Joined",,,,Onboarded,WindowsServer2019,1809,,Active,false,,,Medium,,,,,,"[""Arc""]","dd0932af-112f-478a-a873-d64f7666785a",,false,,7792,,,DeviceInfo
,"10.8798.17763.7792",0220e4c274577c1dba179f1812d031a7757ffaae,"kingslanding.sevenkingdoms.local",,false,"[{""UserName"":""localuser"",""DomainName"":""SEVENKINGDOMS"",""Sid"":""S-1-5-21-3730121682-1558260717-1313176974-1000""}]",GOAD,"64-bit",17763,WindowsServer2019,"10.0","GOADa7ff41-GOAD-DC01",639032456007627000,"1/5/2026, 9:32:25.622 PM","1/5/2026, 9:32:25.622 PM",,Endpoint,,Server,"Domain Joined",,,,Onboarded,WindowsServer2019,1809,,Active,false,,,Medium,,,,,,"[""Arc""]","e0790d1a-da7c-44af-82e6-7ba7ca1d5359",,false,,7792,,,DeviceInfo
,"10.8798.17763.7792",0220e4c274577c1dba179f1812d031a7757ffaae,"kingslanding.sevenkingdoms.local",,false,"[{""UserName"":""localuser"",""DomainName"":""SEVENKINGDOMS"",""Sid"":""S-1-5-21-3730121682-1558260717-1313176974-1000""}]",GOAD,"64-bit",17763,WindowsServer2019,"10.0","GOADa7ff41-GOAD-DC01",639032420165121000,"1/5/2026, 8:32:22.034 PM","1/5/2026, 8:32:22.034 PM",,Endpoint,,Server,"Domain Joined",,,,Onboarded,WindowsServer2019,1809,,Active,false,,,Medium,,,,,,"[""Arc""]","e0790d1a-da7c-44af-82e6-7ba7ca1d5359",,false,,7792,,,DeviceInfo
,"10.8798.17763.7792",536672e83b4ef2f109c5d44e37a947eedcfb6b4b,"winterfell.north.sevenkingdoms.local",,false,"[{""UserName"":""localuser"",""DomainName"":""NORTH"",""Sid"":""S-1-5-21-2975077076-1813412092-533620653-1000""}]",UnassignedGroup,"64-bit",17763,WindowsServer2019,"10.0","GOADa7ff41-GOAD-DC02",639032769434876300,"1/6/2026, 6:14:55.224 AM","1/6/2026, 6:14:55.224 AM",,Endpoint,,Server,"Domain Joined",,,,Onboarded,WindowsServer2019,1809,,Active,false,,,Medium,,,,,,"[""Arc""]","b5d0c01c-bf08-4354-8e81-9412ae4ffb7e",,false,,7792,,,DeviceInfo
,"10.8798.17763.7792",0220e4c274577c1dba179f1812d031a7757ffaae,"kingslanding.sevenkingdoms.local",,false,"[{""UserName"":""localuser"",""DomainName"":""SEVENKINGDOMS"",""Sid"":""S-1-5-21-3730121682-1558260717-1313176974-1000""}]",GOAD,"64-bit",17763,WindowsServer2019,"10.0","GOADa7ff41-GOAD-DC01",639032491961488600,"1/5/2026, 10:32:27.457 PM","1/5/2026, 10:32:27.457 PM",,Endpoint,,Server,"Domain Joined",,,,Onboarded,WindowsServer2019,1809,,Active,false,,,Medium,,,,,,"[""Arc""]","e0790d1a-da7c-44af-82e6-7ba7ca1d5359",,false,,7792,,,DeviceInfo
,"10.8798.17763.7792",0220e4c274577c1dba179f1812d031a7757ffaae,"kingslanding.sevenkingdoms.local",,false,"[{""UserName"":""localuser"",""DomainName"":""SEVENKINGDOMS"",""Sid"":""S-1-5-21-3730121682-1558260717-1313176974-1000""}]",GOAD,"64-bit",17763,WindowsServer2019,"10.0","GOADa7ff41-GOAD-DC01",639032780599350400,"1/6/2026, 6:33:13.818 AM","1/6/2026, 6:33:13.818 AM",,Endpoint,,Server,"Domain Joined",,,,Onboarded,WindowsServer2019,1809,,Active,false,,,Medium,,,,,,"[""Arc""]","e0790d1a-da7c-44af-82e6-7ba7ca1d5359",,false,,7792,,,DeviceInfo
,"10.8798.17763.7792",71a0557094bd79802ccb878bb11ac78612973c24,"castelblack.north.sevenkingdoms.local",,false,"[{""UserName"":""localuser"",""DomainName"":""CASTELBLACK"",""Sid"":""S-1-5-21-2428024234-3189697923-2318280212-1000""}]",UnassignedGroup,"64-bit",17763,WindowsServer2019,"10.0","GOADa7ff41-GOAD-SRV02",639032477710412800,"1/5/2026, 10:08:24.608 PM","1/5/2026, 10:08:24.608 PM",,Endpoint,,Server,"Domain Joined",,,,Onboarded,WindowsServer2019,1809,,Active,false,,,Medium,,,,,,"[""Arc""]","dd0932af-112f-478a-a873-d64f7666785a",,false,,7792,,,DeviceInfo
,"10.8798.17763.7792",536672e83b4ef2f109c5d44e37a947eedcfb6b4b,"winterfell.north.sevenkingdoms.local",,false,"[{""UserName"":""localuser"",""DomainName"":""NORTH"",""Sid"":""S-1-5-21-2975077076-1813412092-533620653-1000""}]",UnassignedGroup,"64-bit",17763,WindowsServer2019,"10.0","GOADa7ff41-GOAD-DC02",639032511123387100,"1/5/2026, 11:04:18.996 PM","1/5/2026, 11:04:18.996 PM",,Endpoint,,Server,"Domain Joined",,,,Onboarded,WindowsServer2019,1809,,Active,false,,,Medium,,,,,,"[""Arc""]","b5d0c01c-bf08-4354-8e81-9412ae4ffb7e",,false,,7792,,,DeviceInfo
,"10.8798.17763.7792",0220e4c274577c1dba179f1812d031a7757ffaae,"kingslanding.sevenkingdoms.local",,false,"[{""UserName"":""localuser"",""DomainName"":""SEVENKINGDOMS"",""Sid"":""S-1-5-21-3730121682-1558260717-1313176974-1000""}]",GOAD,"64-bit",17763,WindowsServer2019,"10.0","GOADa7ff41-GOAD-DC01",639032528020626800,"1/5/2026, 11:32:34.679 PM","1/5/2026, 11:32:34.679 PM",,Endpoint,,Server,"Domain Joined",,,,Onboarded,WindowsServer2019,1809,,Active,false,,,Medium,,,,,,"[""Arc""]","e0790d1a-da7c-44af-82e6-7ba7ca1d5359",,false,,7792,,,DeviceInfo
,"10.8798.17763.7792",536672e83b4ef2f109c5d44e37a947eedcfb6b4b,"winterfell.north.sevenkingdoms.local",,false,"[{""UserName"":""localuser"",""DomainName"":""NORTH"",""Sid"":""S-1-5-21-2975077076-1813412092-533620653-1000""}]",UnassignedGroup,"64-bit",17763,WindowsServer2019,"10.0","GOADa7ff41-GOAD-DC02",639032557717359600,"1/6/2026, 12:12:56.356 AM","1/6/2026, 12:12:56.356 AM",,Endpoint,,Server,"Domain Joined",,,,Onboarded,WindowsServer2019,1809,,Active,false,,,Medium,,,,,,"[""Arc""]","b5d0c01c-bf08-4354-8e81-9412ae4ffb7e",,false,,7792,,,DeviceInfo
,"10.8798.17763.7792",0220e4c274577c1dba179f1812d031a7757ffaae,"kingslanding.sevenkingdoms.local",,false,"[{""UserName"":""localuser"",""DomainName"":""SEVENKINGDOMS"",""Sid"":""S-1-5-21-3730121682-1558260717-1313176974-1000""}]",GOAD,"64-bit",17763,WindowsServer2019,"10.0","GOADa7ff41-GOAD-DC01",639032564243591400,"1/6/2026, 12:32:37.416 AM","1/6/2026, 12:32:37.416 AM",,Endpoint,,Server,"Domain Joined",,,,Onboarded,WindowsServer2019,1809,,Active,false,,,Medium,,,,,,"[""Arc""]","e0790d1a-da7c-44af-82e6-7ba7ca1d5359",,false,,7792,,,DeviceInfo
,"10.8798.17763.7792",536672e83b4ef2f109c5d44e37a947eedcfb6b4b,"winterfell.north.sevenkingdoms.local",,false,"[{""UserName"":""localuser"",""DomainName"":""NORTH"",""Sid"":""S-1-5-21-2975077076-1813412092-533620653-1000""}]",UnassignedGroup,"64-bit",17763,WindowsServer2019,"10.0","GOADa7ff41-GOAD-DC02",639032547010355600,"1/6/2026, 12:04:22.330 AM","1/6/2026, 12:04:22.330 AM",,Endpoint,,Server,"Domain Joined",,,,Onboarded,WindowsServer2019,1809,,Active,false,,,Medium,,,,,,"[""Arc""]","b5d0c01c-bf08-4354-8e81-9412ae4ffb7e",,false,,7792,,,DeviceInfo
,"10.8798.17763.7792",71a0557094bd79802ccb878bb11ac78612973c24,"castelblack.north.sevenkingdoms.local",,false,"[{""UserName"":""localuser"",""DomainName"":""CASTELBLACK"",""Sid"":""S-1-5-21-2428024234-3189697923-2318280212-1000""}]",UnassignedGroup,"64-bit",17763,WindowsServer2019,"10.0","GOADa7ff41-GOAD-SRV02",639032835806555000,"1/6/2026, 8:04:34.675 AM","1/6/2026, 8:04:34.675 AM",,Endpoint,,Server,"Domain Joined",,,,Onboarded,WindowsServer2019,1809,,Active,false,,,Medium,,,,,,"[""Arc""]","dd0932af-112f-478a-a873-d64f7666785a",,false,,7792,,,DeviceInfo
,"10.8798.17763.7792",71a0557094bd79802ccb878bb11ac78612973c24,"castelblack.north.sevenkingdoms.local",,false,"[{""UserName"":""localuser"",""DomainName"":""CASTELBLACK"",""Sid"":""S-1-5-21-2428024234-3189697923-2318280212-1000""}]",UnassignedGroup,"64-bit",17763,WindowsServer2019,"10.0","GOADa7ff41-GOAD-SRV02",639032549591563100,"1/6/2026, 12:03:34.127 AM","1/6/2026, 12:03:34.127 AM",,Endpoint,,Server,"Domain Joined",,,,Onboarded,WindowsServer2019,1809,,Active,false,,,Medium,,,,,,"[""Arc""]","dd0932af-112f-478a-a873-d64f7666785a",,false,,7792,,,DeviceInfo
,"10.8798.17763.7792",536672e83b4ef2f109c5d44e37a947eedcfb6b4b,"winterfell.north.sevenkingdoms.local",,false,"[{""UserName"":""localuser"",""DomainName"":""NORTH"",""Sid"":""S-1-5-21-2975077076-1813412092-533620653-1000""}]",UnassignedGroup,"64-bit",17763,WindowsServer2019,"10.0","GOADa7ff41-GOAD-DC02",639032625193033000,"1/6/2026, 2:14:26.603 AM","1/6/2026, 2:14:26.603 AM",,Endpoint,,Server,"Domain Joined",,,,Onboarded,WindowsServer2019,1809,,Active,false,,,Medium,,,,,,"[""Arc""]","b5d0c01c-bf08-4354-8e81-9412ae4ffb7e",,false,,7792,,,DeviceInfo
,"10.8798.17763.7792",536672e83b4ef2f109c5d44e37a947eedcfb6b4b,"winterfell.north.sevenkingdoms.local",,false,"[{""UserName"":""localuser"",""DomainName"":""NORTH"",""Sid"":""S-1-5-21-2975077076-1813412092-533620653-1000""}]",UnassignedGroup,"64-bit",17763,WindowsServer2019,"10.0","GOADa7ff41-GOAD-DC02",639032661365509200,"1/6/2026, 3:14:30.996 AM","1/6/2026, 3:14:30.996 AM",,Endpoint,,Server,"Domain Joined",,,,Onboarded,WindowsServer2019,1809,,Active,false,,,Medium,,,,,,"[""Arc""]","b5d0c01c-bf08-4354-8e81-9412ae4ffb7e",,false,,7792,,,DeviceInfo
,"10.8798.17763.7792",71a0557094bd79802ccb878bb11ac78612973c24,"castelblack.north.sevenkingdoms.local",,false,"[{""UserName"":""localuser"",""DomainName"":""CASTELBLACK"",""Sid"":""S-1-5-21-2428024234-3189697923-2318280212-1000""}]",UnassignedGroup,"64-bit",17763,WindowsServer2019,"10.0","GOADa7ff41-GOAD-SRV02",639032619143306500,"1/6/2026, 2:03:41.010 AM","1/6/2026, 2:03:41.010 AM",,Endpoint,,Server,"Domain Joined",,,,Onboarded,WindowsServer2019,1809,,Active,false,,,Medium,,,,,,"[""Arc""]","dd0932af-112f-478a-a873-d64f7666785a",,false,,7792,,,DeviceInfo
,"10.8798.17763.7792",536672e83b4ef2f109c5d44e37a947eedcfb6b4b,"winterfell.north.sevenkingdoms.local",,false,"[{""UserName"":""localuser"",""DomainName"":""NORTH"",""Sid"":""S-1-5-21-2975077076-1813412092-533620653-1000""}]",UnassignedGroup,"64-bit",17763,WindowsServer2019,"10.0","GOADa7ff41-GOAD-DC02",639032589252915700,"1/6/2026, 1:14:24.698 AM","1/6/2026, 1:14:24.698 AM",,Endpoint,,Server,"Domain Joined",,,,Onboarded,WindowsServer2019,1809,,Active,false,,,Medium,,,,,,"[""Arc""]","b5d0c01c-bf08-4354-8e81-9412ae4ffb7e",,false,,7792,,,DeviceInfo
,"10.8798.17763.7792",0220e4c274577c1dba179f1812d031a7757ffaae,"kingslanding.sevenkingdoms.local",,false,"[{""UserName"":""localuser"",""DomainName"":""SEVENKINGDOMS"",""Sid"":""S-1-5-21-3730121682-1558260717-1313176974-1000""}]",GOAD,"64-bit",17763,WindowsServer2019,"10.0","GOADa7ff41-GOAD-DC01",639032636281036300,"1/6/2026, 2:32:49.461 AM","1/6/2026, 2:32:49.461 AM",,Endpoint,,Server,"Domain Joined",,,,Onboarded,WindowsServer2019,1809,,Active,false,,,Medium,,,,,,"[""Arc""]","e0790d1a-da7c-44af-82e6-7ba7ca1d5359",,false,,7792,,,DeviceInfo
,"10.8798.17763.7792",71a0557094bd79802ccb878bb11ac78612973c24,"castelblack.north.sevenkingdoms.local",,false,"[{""UserName"":""localuser"",""DomainName"":""CASTELBLACK"",""Sid"":""S-1-5-21-2428024234-3189697923-2318280212-1000""}]",UnassignedGroup,"64-bit",17763,WindowsServer2019,"10.0","GOADa7ff41-GOAD-SRV02",639032882274431000,"1/6/2026, 9:07:52.997 AM","1/6/2026, 9:07:52.997 AM",,Endpoint,,Server,"Domain Joined",,,,Onboarded,WindowsServer2019,1809,,Active,false,,,Medium,,,,,,"[""Arc""]","dd0932af-112f-478a-a873-d64f7666785a",,false,,7792,,,DeviceInfo
,"10.8798.17763.7792",0220e4c274577c1dba179f1812d031a7757ffaae,"kingslanding.sevenkingdoms.local",,false,"[{""UserName"":""localuser"",""DomainName"":""SEVENKINGDOMS"",""Sid"":""S-1-5-21-3730121682-1558260717-1313176974-1000""}]",GOAD,"64-bit",17763,WindowsServer2019,"10.0","GOADa7ff41-GOAD-DC01",639032672411977000,"1/6/2026, 3:32:53.679 AM","1/6/2026, 3:32:53.679 AM",,Endpoint,,Server,"Domain Joined",,,,Onboarded,WindowsServer2019,1809,,Active,false,,,Medium,,,,,,"[""Arc""]","e0790d1a-da7c-44af-82e6-7ba7ca1d5359",,false,,7792,,,DeviceInfo
,"10.8798.17763.7792",536672e83b4ef2f109c5d44e37a947eedcfb6b4b,"winterfell.north.sevenkingdoms.local",,false,"[{""UserName"":""localuser"",""DomainName"":""NORTH"",""Sid"":""S-1-5-21-2975077076-1813412092-533620653-1000""}]",UnassignedGroup,"64-bit",17763,WindowsServer2019,"10.0","GOADa7ff41-GOAD-DC02",639032697336176900,"1/6/2026, 4:14:37.008 AM","1/6/2026, 4:14:37.008 AM",,Endpoint,,Server,"Domain Joined",,,,Onboarded,WindowsServer2019,1809,,Active,false,,,Medium,,,,,,"[""Arc""]","b5d0c01c-bf08-4354-8e81-9412ae4ffb7e",,false,,7792,,,DeviceInfo
,"10.8798.17763.7792",0220e4c274577c1dba179f1812d031a7757ffaae,"kingslanding.sevenkingdoms.local",,false,"[{""UserName"":""localuser"",""DomainName"":""SEVENKINGDOMS"",""Sid"":""S-1-5-21-3730121682-1558260717-1313176974-1000""}]",GOAD,"64-bit",17763,WindowsServer2019,"10.0","GOADa7ff41-GOAD-DC01",639032744486230100,"1/6/2026, 5:33:08.577 AM","1/6/2026, 5:33:08.577 AM",,Endpoint,,Server,"Domain Joined",,,,Onboarded,WindowsServer2019,1809,,Active,false,,,Medium,,,,,,"[""Arc""]","e0790d1a-da7c-44af-82e6-7ba7ca1d5359",,false,,7792,,,DeviceInfo
,"10.8798.17763.7792",71a0557094bd79802ccb878bb11ac78612973c24,"castelblack.north.sevenkingdoms.local",,false,"[{""UserName"":""localuser"",""DomainName"":""CASTELBLACK"",""Sid"":""S-1-5-21-2428024234-3189697923-2318280212-1000""}]",UnassignedGroup,"64-bit",17763,WindowsServer2019,"10.0","GOADa7ff41-GOAD-SRV02",639032690707700000,"1/6/2026, 4:03:59.645 AM","1/6/2026, 4:03:59.645 AM",,Endpoint,,Server,"Domain Joined",,,,Onboarded,WindowsServer2019,1809,,Active,false,,,Medium,,,,,,"[""Arc""]","dd0932af-112f-478a-a873-d64f7666785a",,false,,7792,,,DeviceInfo
,"10.8798.17763.7792",71a0557094bd79802ccb878bb11ac78612973c24,"castelblack.north.sevenkingdoms.local",,false,"[{""UserName"":""localuser"",""DomainName"":""CASTELBLACK"",""Sid"":""S-1-5-21-2428024234-3189697923-2318280212-1000""}]",UnassignedGroup,"64-bit",17763,WindowsServer2019,"10.0","GOADa7ff41-GOAD-SRV02",639032762748427500,"1/6/2026, 6:04:11.784 AM","1/6/2026, 6:04:11.784 AM",,Endpoint,,Server,"Domain Joined",,,,Onboarded,WindowsServer2019,1809,,Active,false,,,Medium,,,,,,"[""Arc""]","dd0932af-112f-478a-a873-d64f7666785a",,false,,7792,,,DeviceInfo
,"10.8798.17763.7792",536672e83b4ef2f109c5d44e37a947eedcfb6b4b,"winterfell.north.sevenkingdoms.local",,false,"[{""UserName"":""localuser"",""DomainName"":""NORTH"",""Sid"":""S-1-5-21-2975077076-1813412092-533620653-1000""}]",UnassignedGroup,"64-bit",17763,WindowsServer2019,"10.0","GOADa7ff41-GOAD-DC02",639032733624223400,"1/6/2026, 5:14:46.923 AM","1/6/2026, 5:14:46.923 AM",,Endpoint,,Server,"Domain Joined",,,,Onboarded,WindowsServer2019,1809,,Active,false,,,Medium,,,,,,"[""Arc""]","b5d0c01c-bf08-4354-8e81-9412ae4ffb7e",,false,,7792,,,DeviceInfo
,"10.8798.17763.7792",71a0557094bd79802ccb878bb11ac78612973c24,"castelblack.north.sevenkingdoms.local",,false,"[{""UserName"":""localuser"",""DomainName"":""CASTELBLACK"",""Sid"":""S-1-5-21-2428024234-3189697923-2318280212-1000""}]",UnassignedGroup,"64-bit",17763,WindowsServer2019,"10.0","GOADa7ff41-GOAD-SRV02",639032726921984100,"1/6/2026, 5:04:05.527 AM","1/6/2026, 5:04:05.527 AM",,Endpoint,,Server,"Domain Joined",,,,Onboarded,WindowsServer2019,1809,,Active,false,,,Medium,,,,,,"[""Arc""]","dd0932af-112f-478a-a873-d64f7666785a",,false,,7792,,,DeviceInfo
,"10.8798.17763.7792",0220e4c274577c1dba179f1812d031a7757ffaae,"kingslanding.sevenkingdoms.local",,false,"[{""UserName"":""localuser"",""DomainName"":""SEVENKINGDOMS"",""Sid"":""S-1-5-21-3730121682-1558260717-1313176974-1000""}]",GOAD,"64-bit",17763,WindowsServer2019,"10.0","GOADa7ff41-GOAD-DC01",639032816088457200,"1/6/2026, 7:33:18.063 AM","1/6/2026, 7:33:18.063 AM",,Endpoint,,Server,"Domain Joined",,,,Onboarded,WindowsServer2019,1809,,Active,false,,,Medium,,,,,,"[""Arc""]","e0790d1a-da7c-44af-82e6-7ba7ca1d5359",,false,,7792,,,DeviceInfo
,"10.8798.17763.7792",71a0557094bd79802ccb878bb11ac78612973c24,"castelblack.north.sevenkingdoms.local",,false,"[{""UserName"":""localuser"",""DomainName"":""CASTELBLACK"",""Sid"":""S-1-5-21-2428024234-3189697923-2318280212-1000""}]",UnassignedGroup,"64-bit",17763,WindowsServer2019,"10.0","GOADa7ff41-GOAD-SRV02",639032798948134900,"1/6/2026, 7:04:24.870 AM","1/6/2026, 7:04:24.870 AM",,Endpoint,,Server,"Domain Joined",,,,Onboarded,WindowsServer2019,1809,,Active,false,,,Medium,,,,,,"[""Arc""]","dd0932af-112f-478a-a873-d64f7666785a",,false,,7792,,,DeviceInfo
,"10.8798.17763.7792",536672e83b4ef2f109c5d44e37a947eedcfb6b4b,"winterfell.north.sevenkingdoms.local",,false,"[{""UserName"":""localuser"",""DomainName"":""NORTH"",""Sid"":""S-1-5-21-2975077076-1813412092-533620653-1000""}]",UnassignedGroup,"64-bit",17763,WindowsServer2019,"10.0","GOADa7ff41-GOAD-DC02",639032805316377000,"1/6/2026, 7:14:58.626 AM","1/6/2026, 7:14:58.626 AM",,Endpoint,,Server,"Domain Joined",,,,Onboarded,WindowsServer2019,1809,,Active,false,,,Medium,,,,,,"[""Arc""]","b5d0c01c-bf08-4354-8e81-9412ae4ffb7e",,false,,7792,,,DeviceInfo
,"10.8798.17763.7792",0220e4c274577c1dba179f1812d031a7757ffaae,"kingslanding.sevenkingdoms.local",,false,"[{""UserName"":""localuser"",""DomainName"":""SEVENKINGDOMS"",""Sid"":""S-1-5-21-3730121682-1558260717-1313176974-1000""}]",GOAD,"64-bit",17763,WindowsServer2019,"10.0","GOADa7ff41-GOAD-DC01",639033030594022100,"1/6/2026, 1:29:34.376 PM","1/6/2026, 1:29:34.376 PM",,Endpoint,,Server,"Domain Joined",,,,Onboarded,WindowsServer2019,1809,,Active,false,,,Medium,,,,,,"[""Arc""]","e0790d1a-da7c-44af-82e6-7ba7ca1d5359",,false,,7792,,,DeviceInfo
,"10.8798.17763.7792",536672e83b4ef2f109c5d44e37a947eedcfb6b4b,"winterfell.north.sevenkingdoms.local",,false,"[{""UserName"":""localuser"",""DomainName"":""NORTH"",""Sid"":""S-1-5-21-2975077076-1813412092-533620653-1000""}]",UnassignedGroup,"64-bit",17763,WindowsServer2019,"10.0","GOADa7ff41-GOAD-DC02",639033030917535900,"1/6/2026, 1:31:07.053 PM","1/6/2026, 1:31:07.053 PM",,Endpoint,,Server,"Domain Joined",,,,Onboarded,WindowsServer2019,1809,,Active,false,,,Medium,,,,,,"[""Arc""]","b5d0c01c-bf08-4354-8e81-9412ae4ffb7e",,false,,7792,,,DeviceInfo
,"10.8798.17763.7792",536672e83b4ef2f109c5d44e37a947eedcfb6b4b,"winterfell.north.sevenkingdoms.local",,false,"[{""UserName"":""localuser"",""DomainName"":""NORTH"",""Sid"":""S-1-5-21-2975077076-1813412092-533620653-1000""}]",UnassignedGroup,"64-bit",17763,WindowsServer2019,"10.0","GOADa7ff41-GOAD-DC02",639032841526340400,"1/6/2026, 8:15:04.038 AM","1/6/2026, 8:15:04.038 AM",,Endpoint,,Server,"Domain Joined",,,,Onboarded,WindowsServer2019,1809,,Active,false,,,Medium,,,,,,"[""Arc""]","b5d0c01c-bf08-4354-8e81-9412ae4ffb7e",,false,,7792,,,DeviceInfo
,"10.8798.17763.7792",536672e83b4ef2f109c5d44e37a947eedcfb6b4b,"winterfell.north.sevenkingdoms.local",,false,"[{""UserName"":""localuser"",""DomainName"":""NORTH"",""Sid"":""S-1-5-21-2975077076-1813412092-533620653-1000""}]",UnassignedGroup,"64-bit",17763,WindowsServer2019,"10.0","GOADa7ff41-GOAD-DC02",639032887998838500,"1/6/2026, 9:27:56.361 AM","1/6/2026, 9:27:56.361 AM",,Endpoint,,Server,"Domain Joined",,,,Onboarded,WindowsServer2019,1809,,Active,false,,,Medium,,,,,,"[""Arc""]","b5d0c01c-bf08-4354-8e81-9412ae4ffb7e",,false,,7792,,,DeviceInfo
,"10.8798.17763.7792",0220e4c274577c1dba179f1812d031a7757ffaae,"kingslanding.sevenkingdoms.local",,false,"[{""UserName"":""localuser"",""DomainName"":""SEVENKINGDOMS"",""Sid"":""S-1-5-21-3730121682-1558260717-1313176974-1000""}]",GOAD,"64-bit",17763,WindowsServer2019,"10.0","GOADa7ff41-GOAD-DC01",639032888188419600,"1/6/2026, 9:07:19.312 AM","1/6/2026, 9:07:19.312 AM",,Endpoint,,Server,"Domain Joined",,,,Onboarded,WindowsServer2019,1809,,Active,false,,,Medium,,,,,,"[""Arc""]","e0790d1a-da7c-44af-82e6-7ba7ca1d5359",,false,,7792,,,DeviceInfo
,"10.8798.17763.7792",0220e4c274577c1dba179f1812d031a7757ffaae,"kingslanding.sevenkingdoms.local",,false,"[{""UserName"":""localuser"",""DomainName"":""SEVENKINGDOMS"",""Sid"":""S-1-5-21-3730121682-1558260717-1313176974-1000""}]",GOAD,"64-bit",17763,WindowsServer2019,"10.0","GOADa7ff41-GOAD-DC01",639032854670693200,"1/6/2026, 8:33:26.820 AM","1/6/2026, 8:33:26.820 AM",,Endpoint,,Server,"Domain Joined",,,,Onboarded,WindowsServer2019,1809,,Active,false,,,Medium,,,,,,"[""Arc""]","e0790d1a-da7c-44af-82e6-7ba7ca1d5359",,false,,7792,,,DeviceInfo
,"10.8798.17763.7792",71a0557094bd79802ccb878bb11ac78612973c24,"castelblack.north.sevenkingdoms.local",,false,"[{""UserName"":""localuser"",""DomainName"":""CASTELBLACK"",""Sid"":""S-1-5-21-2428024234-3189697923-2318280212-1000""}]",UnassignedGroup,"64-bit",17763,WindowsServer2019,"10.0","GOADa7ff41-GOAD-SRV02",639033052071779600,"1/6/2026, 2:05:47.955 PM","1/6/2026, 2:05:47.955 PM",,Endpoint,,Server,"Domain Joined",,,,Onboarded,WindowsServer2019,1809,,Active,false,,,Medium,,,,,,"[""Arc""]","dd0932af-112f-478a-a873-d64f7666785a",,false,,7792,,,DeviceInfo
,"10.8798.17763.7792",71a0557094bd79802ccb878bb11ac78612973c24,"castelblack.north.sevenkingdoms.local",,false,"[{""UserName"":""localuser"",""DomainName"":""CASTELBLACK"",""Sid"":""S-1-5-21-2428024234-3189697923-2318280212-1000""}]",UnassignedGroup,"64-bit",17763,WindowsServer2019,"10.0","GOADa7ff41-GOAD-SRV02",639032907782840700,"1/6/2026, 10:05:09.890 AM","1/6/2026, 10:05:09.890 AM",,Endpoint,,Server,"Domain Joined",,,,Onboarded,WindowsServer2019,1809,,Active,false,,,Medium,,,,,,"[""Arc""]","dd0932af-112f-478a-a873-d64f7666785a",,false,,7792,,,DeviceInfo
,"10.8798.17763.7792",0220e4c274577c1dba179f1812d031a7757ffaae,"kingslanding.sevenkingdoms.local",,false,"[{""UserName"":""localuser"",""DomainName"":""SEVENKINGDOMS"",""Sid"":""S-1-5-21-3730121682-1558260717-1313176974-1000""}]",GOAD,"64-bit",17763,WindowsServer2019,"10.0","GOADa7ff41-GOAD-DC01",639032896579740400,"1/6/2026, 9:37:19.324 AM","1/6/2026, 9:37:19.324 AM",,Endpoint,,Server,"Domain Joined",,,,Onboarded,WindowsServer2019,1809,,Active,false,,,Medium,,,,,,"[""Arc""]","e0790d1a-da7c-44af-82e6-7ba7ca1d5359",,false,,7792,,,DeviceInfo
,"10.8798.17763.7792",536672e83b4ef2f109c5d44e37a947eedcfb6b4b,"winterfell.north.sevenkingdoms.local",,false,"[{""UserName"":""localuser"",""DomainName"":""NORTH"",""Sid"":""S-1-5-21-2975077076-1813412092-533620653-1000""}]",UnassignedGroup,"64-bit",17763,WindowsServer2019,"10.0","GOADa7ff41-GOAD-DC02",639032907690932600,"1/6/2026, 10:05:13.704 AM","1/6/2026, 10:05:13.704 AM",,Endpoint,,Server,"Domain Joined",,,,Onboarded,WindowsServer2019,1809,,Active,false,,,Medium,,,,,,"[""Arc""]","b5d0c01c-bf08-4354-8e81-9412ae4ffb7e",,false,,7792,,,DeviceInfo
,"10.8798.17763.7792",71a0557094bd79802ccb878bb11ac78612973c24,"castelblack.north.sevenkingdoms.local",,false,"[{""UserName"":""localuser"",""DomainName"":""CASTELBLACK"",""Sid"":""S-1-5-21-2428024234-3189697923-2318280212-1000""}]",UnassignedGroup,"64-bit",17763,WindowsServer2019,"10.0","GOADa7ff41-GOAD-SRV02",639032874495511900,"1/6/2026, 9:04:52.661 AM","1/6/2026, 9:04:52.661 AM",,Endpoint,,Server,"Domain Joined",,,,Onboarded,WindowsServer2019,1809,,Active,false,,,Medium,,,,,,"[""Arc""]","dd0932af-112f-478a-a873-d64f7666785a",,false,,7792,,,DeviceInfo
,"10.8798.17763.7792",536672e83b4ef2f109c5d44e37a947eedcfb6b4b,"winterfell.north.sevenkingdoms.local",,false,"[{""UserName"":""localuser"",""DomainName"":""NORTH"",""Sid"":""S-1-5-21-2975077076-1813412092-533620653-1000""}]",UnassignedGroup,"64-bit",17763,WindowsServer2019,"10.0","GOADa7ff41-GOAD-DC02",639032879372929200,"1/6/2026, 9:12:56.357 AM","1/6/2026, 9:12:56.357 AM",,Endpoint,,Server,"Domain Joined",,,,Onboarded,WindowsServer2019,1809,,Active,false,,,Medium,,,,,,"[""Arc""]","b5d0c01c-bf08-4354-8e81-9412ae4ffb7e",,false,,7792,,,DeviceInfo
,"10.8798.17763.7792",71a0557094bd79802ccb878bb11ac78612973c24,"castelblack.north.sevenkingdoms.local",,false,"[{""UserName"":""localuser"",""DomainName"":""CASTELBLACK"",""Sid"":""S-1-5-21-2428024234-3189697923-2318280212-1000""}]",UnassignedGroup,"64-bit",17763,WindowsServer2019,"10.0","GOADa7ff41-GOAD-SRV02",639032943947332700,"1/6/2026, 11:05:17.871 AM","1/6/2026, 11:05:17.871 AM",,Endpoint,,Server,"Domain Joined",,,,Onboarded,WindowsServer2019,1809,,Active,false,,,Medium,,,,,,"[""Arc""]","dd0932af-112f-478a-a873-d64f7666785a",,false,,7792,,,DeviceInfo
,"10.8798.17763.7792",536672e83b4ef2f109c5d44e37a947eedcfb6b4b,"winterfell.north.sevenkingdoms.local",,false,"[{""UserName"":""localuser"",""DomainName"":""NORTH"",""Sid"":""S-1-5-21-2975077076-1813412092-533620653-1000""}]",UnassignedGroup,"64-bit",17763,WindowsServer2019,"10.0","GOADa7ff41-GOAD-DC02",639032943490971100,"1/6/2026, 11:05:19.109 AM","1/6/2026, 11:05:19.109 AM",,Endpoint,,Server,"Domain Joined",,,,Onboarded,WindowsServer2019,1809,,Active,false,,,Medium,,,,,,"[""Arc""]","b5d0c01c-bf08-4354-8e81-9412ae4ffb7e",,false,,7792,,,DeviceInfo
,"10.8798.17763.7792",0220e4c274577c1dba179f1812d031a7757ffaae,"kingslanding.sevenkingdoms.local",,false,"[{""UserName"":""localuser"",""DomainName"":""SEVENKINGDOMS"",""Sid"":""S-1-5-21-3730121682-1558260717-1313176974-1000""}]",GOAD,"64-bit",17763,WindowsServer2019,"10.0","GOADa7ff41-GOAD-DC01",639032957817549000,"1/6/2026, 11:29:08.033 AM","1/6/2026, 11:29:08.033 AM",,Endpoint,,Server,"Domain Joined",,,,Onboarded,WindowsServer2019,1809,,Active,false,,,Medium,,,,,,"[""Arc""]","e0790d1a-da7c-44af-82e6-7ba7ca1d5359",,false,,7792,,,DeviceInfo
,"10.8798.17763.7792",0220e4c274577c1dba179f1812d031a7757ffaae,"kingslanding.sevenkingdoms.local",,false,"[{""UserName"":""localuser"",""DomainName"":""SEVENKINGDOMS"",""Sid"":""S-1-5-21-3730121682-1558260717-1313176974-1000""}]",GOAD,"64-bit",17763,WindowsServer2019,"10.0","GOADa7ff41-GOAD-DC01",639032921715310500,"1/6/2026, 10:28:55.895 AM","1/6/2026, 10:28:55.895 AM",,Endpoint,,Server,"Domain Joined",,,,Onboarded,WindowsServer2019,1809,,Active,false,,,Medium,,,,,,"[""Arc""]","e0790d1a-da7c-44af-82e6-7ba7ca1d5359",,false,,7792,,,DeviceInfo
,"10.8798.17763.7792",536672e83b4ef2f109c5d44e37a947eedcfb6b4b,"winterfell.north.sevenkingdoms.local",,false,"[{""UserName"":""localuser"",""DomainName"":""NORTH"",""Sid"":""S-1-5-21-2975077076-1813412092-533620653-1000""}]",UnassignedGroup,"64-bit",17763,WindowsServer2019,"10.0","GOADa7ff41-GOAD-DC02",639032979936180500,"1/6/2026, 12:05:46.448 PM","1/6/2026, 12:05:46.448 PM",,Endpoint,,Server,"Domain Joined",,,,Onboarded,WindowsServer2019,1809,,Active,false,,,Medium,,,,,,"[""Arc""]","b5d0c01c-bf08-4354-8e81-9412ae4ffb7e",,false,,7792,,,DeviceInfo
,"10.8798.17763.7792",71a0557094bd79802ccb878bb11ac78612973c24,"castelblack.north.sevenkingdoms.local",,false,"[{""UserName"":""localuser"",""DomainName"":""CASTELBLACK"",""Sid"":""S-1-5-21-2428024234-3189697923-2318280212-1000""}]",UnassignedGroup,"64-bit",17763,WindowsServer2019,"10.0","GOADa7ff41-GOAD-SRV02",639033015486627500,"1/6/2026, 1:05:35.307 PM","1/6/2026, 1:05:35.307 PM",,Endpoint,,Server,"Domain Joined",,,,Onboarded,WindowsServer2019,1809,,Active,false,,,Medium,,,,,,"[""Arc""]","dd0932af-112f-478a-a873-d64f7666785a",,false,,7792,,,DeviceInfo
,"10.8798.17763.7792",536672e83b4ef2f109c5d44e37a947eedcfb6b4b,"winterfell.north.sevenkingdoms.local",,false,"[{""UserName"":""localuser"",""DomainName"":""NORTH"",""Sid"":""S-1-5-21-2975077076-1813412092-533620653-1000""}]",UnassignedGroup,"64-bit",17763,WindowsServer2019,"10.0","GOADa7ff41-GOAD-DC02",639032998867406100,"1/6/2026, 12:27:56.365 PM","1/6/2026, 12:27:56.365 PM",,Endpoint,,Server,"Domain Joined",,,,Onboarded,WindowsServer2019,1809,,Active,false,,,Medium,,,,,,"[""Arc""]","b5d0c01c-bf08-4354-8e81-9412ae4ffb7e",,false,,7792,,,DeviceInfo
,"10.8798.17763.7792",71a0557094bd79802ccb878bb11ac78612973c24,"castelblack.north.sevenkingdoms.local",,false,"[{""UserName"":""localuser"",""DomainName"":""CASTELBLACK"",""Sid"":""S-1-5-21-2428024234-3189697923-2318280212-1000""}]",UnassignedGroup,"64-bit",17763,WindowsServer2019,"10.0","GOADa7ff41-GOAD-SRV02",639033196519388300,"1/6/2026, 6:06:21.348 PM","1/6/2026, 6:06:21.348 PM",,Endpoint,,Server,"Domain Joined",,,,Onboarded,WindowsServer2019,1809,,Active,false,,,Medium,,,,,,"[""Arc""]","dd0932af-112f-478a-a873-d64f7666785a",,false,,7792,,,DeviceInfo
,"10.8798.17763.7792",0220e4c274577c1dba179f1812d031a7757ffaae,"kingslanding.sevenkingdoms.local",,false,"[{""UserName"":""localuser"",""DomainName"":""SEVENKINGDOMS"",""Sid"":""S-1-5-21-3730121682-1558260717-1313176974-1000""}]",GOAD,"64-bit",17763,WindowsServer2019,"10.0","GOADa7ff41-GOAD-DC01",639033066188086800,"1/6/2026, 2:29:39.182 PM","1/6/2026, 2:29:39.182 PM",,Endpoint,,Server,"Domain Joined",,,,Onboarded,WindowsServer2019,1809,,Active,false,,,Medium,,,,,,"[""Arc""]","e0790d1a-da7c-44af-82e6-7ba7ca1d5359",,false,,7792,,,DeviceInfo
,"10.8210.19041.2006",4ea8fd5d341dfda4d5119d7694a4ef1418256c59,"casterlyrock.sevenkingdoms.local",,,"[{""UserName"":""localuser"",""DomainName"":""CASTERLYROCK"",""Sid"":""S-1-5-21-3713504507-1819471056-20737139-1000""}]",UnassignedGroup,"64-bit",19045,Windows10,"10.0",,639033079890320900,"1/6/2026, 2:50:16.815 PM","1/6/2026, 2:50:16.815 PM",,Endpoint,,Workstation,"Domain Joined",,,,Onboarded,Windows10,22H2,,Active,false,,,None,,,,,,,,,false,,2006,,,DeviceInfo
,"10.8797.19045.6036",c6fef73d7a223477e428e6ab072fbaad48c74270,"casterlyrock.sevenkingdoms.local",,false,"[]",GOAD,"64-bit",19045,Windows10,"10.0",,639033079891611400,"1/6/2026, 2:57:22.112 PM","9/17/2025, 2:51:41.662 PM",,Endpoint,,Workstation,"Domain Joined",,,,Onboarded,Windows10,22H2,,Inactive,false,,,None,,,,,,"[""Arc""]","c0165cc5-4937-411d-8c8b-b3790f18ac93",,false,,6036,,,DeviceInfo
,"10.8210.19041.2006",4ea8fd5d341dfda4d5119d7694a4ef1418256c59,"casterlyrock.sevenkingdoms.local",,,"[{""UserName"":""localuser"",""DomainName"":""CASTERLYROCK"",""Sid"":""S-1-5-21-3713504507-1819471056-20737139-1000""}]",UnassignedGroup,"64-bit",19045,Windows10,"10.0",,639033080963015600,"1/6/2026, 2:50:16.815 PM","1/6/2026, 2:50:16.815 PM",,Endpoint,,Workstation,"Domain Joined",,,,Onboarded,Windows10,22H2,,Active,false,,,None,,,,,,,,,false,,2006,,,DeviceInfo
,"10.8210.19041.2006",4ea8fd5d341dfda4d5119d7694a4ef1418256c59,"casterlyrock.sevenkingdoms.local",,,"[{""UserName"":""localuser"",""DomainName"":""CASTERLYROCK"",""Sid"":""S-1-5-21-3713504507-1819471056-20737139-1000""}]",GOAD,"64-bit",19045,Windows10,"10.0",,639033094512132600,"1/6/2026, 2:50:16.815 PM","1/6/2026, 2:50:16.815 PM",,Endpoint,,Workstation,"Domain Joined",,,,Onboarded,Windows10,22H2,,Active,false,,,None,,,,,,,,,false,,2006,,,DeviceInfo
,"10.8210.19041.2006",4ea8fd5d341dfda4d5119d7694a4ef1418256c59,"casterlyrock.sevenkingdoms.local",,,"[{""UserName"":""localuser"",""DomainName"":""CASTERLYROCK"",""Sid"":""S-1-5-21-3713504507-1819471056-20737139-1000""}]",UnassignedGroup,"64-bit",19045,Windows10,"10.0",,639033082789357700,"1/6/2026, 2:50:16.815 PM","1/6/2026, 2:50:16.815 PM",,Endpoint,,Workstation,"Domain Joined",,,,Onboarded,Windows10,22H2,,Active,false,,,None,,,,,,,,,false,,2006,,,DeviceInfo
,"10.8798.17763.7792",71a0557094bd79802ccb878bb11ac78612973c24,"castelblack.north.sevenkingdoms.local",,false,"[{""UserName"":""localuser"",""DomainName"":""CASTELBLACK"",""Sid"":""S-1-5-21-2428024234-3189697923-2318280212-1000""}]",UnassignedGroup,"64-bit",17763,WindowsServer2019,"10.0","GOADa7ff41-GOAD-SRV02",639032981954813700,"1/6/2026, 12:05:20.638 PM","1/6/2026, 12:05:20.638 PM",,Endpoint,,Server,"Domain Joined",,,,Onboarded,WindowsServer2019,1809,,Active,false,,,Medium,,,,,,"[""Arc""]","dd0932af-112f-478a-a873-d64f7666785a",,false,,7792,,,DeviceInfo
,"10.8798.17763.7792",0220e4c274577c1dba179f1812d031a7757ffaae,"kingslanding.sevenkingdoms.local",,false,"[{""UserName"":""localuser"",""DomainName"":""SEVENKINGDOMS"",""Sid"":""S-1-5-21-3730121682-1558260717-1313176974-1000""}]",GOAD,"64-bit",17763,WindowsServer2019,"10.0","GOADa7ff41-GOAD-DC01",639033102251221600,"1/6/2026, 3:29:49.709 PM","1/6/2026, 3:29:49.709 PM",,Endpoint,,Server,"Domain Joined",,,,Onboarded,WindowsServer2019,1809,,Active,false,,,Medium,,,,,,"[""Arc""]","e0790d1a-da7c-44af-82e6-7ba7ca1d5359",,false,,7792,,,DeviceInfo
,"10.8798.17763.7792",536672e83b4ef2f109c5d44e37a947eedcfb6b4b,"winterfell.north.sevenkingdoms.local",,false,"[{""UserName"":""localuser"",""DomainName"":""NORTH"",""Sid"":""S-1-5-21-2975077076-1813412092-533620653-1000""}]",UnassignedGroup,"64-bit",17763,WindowsServer2019,"10.0","GOADa7ff41-GOAD-DC02",639033102560729000,"1/6/2026, 3:27:56.356 PM","1/6/2026, 3:27:56.356 PM",,Endpoint,,Server,"Domain Joined",,,,Onboarded,WindowsServer2019,1809,,Active,false,,,Medium,,,,,,"[""Arc""]","b5d0c01c-bf08-4354-8e81-9412ae4ffb7e",,false,,7792,,,DeviceInfo
,"10.8798.17763.7792",71a0557094bd79802ccb878bb11ac78612973c24,"castelblack.north.sevenkingdoms.local",,false,"[{""UserName"":""localuser"",""DomainName"":""CASTELBLACK"",""Sid"":""S-1-5-21-2428024234-3189697923-2318280212-1000""}]",UnassignedGroup,"64-bit",17763,WindowsServer2019,"10.0","GOADa7ff41-GOAD-SRV02",639033124102044900,"1/6/2026, 4:06:12.109 PM","1/6/2026, 4:06:12.109 PM",,Endpoint,,Server,"Domain Joined",,,,Onboarded,WindowsServer2019,1809,,Active,false,,,Medium,,,,,,"[""Arc""]","dd0932af-112f-478a-a873-d64f7666785a",,false,,7792,,,DeviceInfo
,"10.8210.19041.2006",4ea8fd5d341dfda4d5119d7694a4ef1418256c59,"casterlyrock.sevenkingdoms.local",,,"[{""UserName"":""localuser"",""DomainName"":""CASTERLYROCK"",""Sid"":""S-1-5-21-3713504507-1819471056-20737139-1000""}]",GOAD,"64-bit",19045,Windows10,"10.0",,639033116315760300,"1/6/2026, 2:50:16.815 PM","1/6/2026, 2:50:16.815 PM",,Endpoint,,Workstation,"Domain Joined",,,,Onboarded,Windows10,22H2,,Active,false,,,High,,,,,,,,,false,,2006,,,DeviceInfo
,"10.8798.17763.7792",0220e4c274577c1dba179f1812d031a7757ffaae,"kingslanding.sevenkingdoms.local",,false,"[{""UserName"":""localuser"",""DomainName"":""SEVENKINGDOMS"",""Sid"":""S-1-5-21-3730121682-1558260717-1313176974-1000""}]",GOAD,"64-bit",17763,WindowsServer2019,"10.0","GOADa7ff41-GOAD-DC01",639032993930485600,"1/6/2026, 12:29:25.489 PM","1/6/2026, 12:29:25.489 PM",,Endpoint,,Server,"Domain Joined",,,,Onboarded,WindowsServer2019,1809,,Active,false,,,Medium,,,,,,"[""Arc""]","e0790d1a-da7c-44af-82e6-7ba7ca1d5359",,false,,7792,,,DeviceInfo
,"10.8798.17763.7792",71a0557094bd79802ccb878bb11ac78612973c24,"castelblack.north.sevenkingdoms.local",,false,"[{""UserName"":""localuser"",""DomainName"":""CASTELBLACK"",""Sid"":""S-1-5-21-2428024234-3189697923-2318280212-1000""}]",UnassignedGroup,"64-bit",17763,WindowsServer2019,"10.0","GOADa7ff41-GOAD-SRV02",639033160205097200,"1/6/2026, 5:06:18.936 PM","1/6/2026, 5:06:18.936 PM",,Endpoint,,Server,"Domain Joined",,,,Onboarded,WindowsServer2019,1809,,Active,false,,,Medium,,,,,,"[""Arc""]","dd0932af-112f-478a-a873-d64f7666785a",,false,,7792,,,DeviceInfo
,"10.8798.17763.7792",536672e83b4ef2f109c5d44e37a947eedcfb6b4b,"winterfell.north.sevenkingdoms.local",,false,"[{""UserName"":""localuser"",""DomainName"":""NORTH"",""Sid"":""S-1-5-21-2975077076-1813412092-533620653-1000""}]",UnassignedGroup,"64-bit",17763,WindowsServer2019,"10.0","GOADa7ff41-GOAD-DC02",639033133359382100,"1/6/2026, 4:17:38.445 PM","1/6/2026, 4:17:38.445 PM",,Endpoint,,Server,"Domain Joined",,,,Onboarded,WindowsServer2019,1809,,Active,false,,,Medium,,,,,,"[""Arc""]","b5d0c01c-bf08-4354-8e81-9412ae4ffb7e",,false,,7792,,,DeviceInfo
,"10.8798.17763.7792",536672e83b4ef2f109c5d44e37a947eedcfb6b4b,"winterfell.north.sevenkingdoms.local",,false,"[{""UserName"":""localuser"",""DomainName"":""NORTH"",""Sid"":""S-1-5-21-2975077076-1813412092-533620653-1000""}]",UnassignedGroup,"64-bit",17763,WindowsServer2019,"10.0","GOADa7ff41-GOAD-DC02",639033066944371300,"1/6/2026, 2:27:56.355 PM","1/6/2026, 2:27:56.355 PM",,Endpoint,,Server,"Domain Joined",,,,Onboarded,WindowsServer2019,1809,,Active,false,,,Medium,,,,,,"[""Arc""]","b5d0c01c-bf08-4354-8e81-9412ae4ffb7e",,false,,7792,,,DeviceInfo
,"10.8798.17763.7792",71a0557094bd79802ccb878bb11ac78612973c24,"castelblack.north.sevenkingdoms.local",,false,"[{""UserName"":""localuser"",""DomainName"":""CASTELBLACK"",""Sid"":""S-1-5-21-2428024234-3189697923-2318280212-1000""}]",UnassignedGroup,"64-bit",17763,WindowsServer2019,"10.0","GOADa7ff41-GOAD-SRV02",639033088184264000,"1/6/2026, 3:06:08.947 PM","1/6/2026, 3:06:08.947 PM",,Endpoint,,Server,"Domain Joined",,,,Onboarded,WindowsServer2019,1809,,Active,false,,,Medium,,,,,,"[""Arc""]","dd0932af-112f-478a-a873-d64f7666785a",,false,,7792,,,DeviceInfo
,"10.8798.17763.7792",0220e4c274577c1dba179f1812d031a7757ffaae,"kingslanding.sevenkingdoms.local",,false,"[{""UserName"":""localuser"",""DomainName"":""SEVENKINGDOMS"",""Sid"":""S-1-5-21-3730121682-1558260717-1313176974-1000""}]",GOAD,"64-bit",17763,WindowsServer2019,"10.0","GOADa7ff41-GOAD-DC01",639033138079839100,"1/6/2026, 4:29:52.427 PM","1/6/2026, 4:29:52.427 PM",,Endpoint,,Server,"Domain Joined",,,,Onboarded,WindowsServer2019,1809,,Active,false,,,Medium,,,,,,"[""Arc""]","e0790d1a-da7c-44af-82e6-7ba7ca1d5359",,false,,7792,,,DeviceInfo
,"10.8798.17763.7792",0220e4c274577c1dba179f1812d031a7757ffaae,"kingslanding.sevenkingdoms.local",,false,"[{""UserName"":""localuser"",""DomainName"":""SEVENKINGDOMS"",""Sid"":""S-1-5-21-3730121682-1558260717-1313176974-1000""}]",GOAD,"64-bit",17763,WindowsServer2019,"10.0","GOADa7ff41-GOAD-DC01",639033198393532900,"1/6/2026, 6:07:19.320 PM","1/6/2026, 6:07:19.320 PM",,Endpoint,,Server,"Domain Joined",,,,Onboarded,WindowsServer2019,1809,,Active,false,,,Medium,,,,,,"[""Arc""]","e0790d1a-da7c-44af-82e6-7ba7ca1d5359",,false,,7792,,,DeviceInfo
,"10.8798.17763.7792",536672e83b4ef2f109c5d44e37a947eedcfb6b4b,"winterfell.north.sevenkingdoms.local",,false,"[{""UserName"":""localuser"",""DomainName"":""NORTH"",""Sid"":""S-1-5-21-2975077076-1813412092-533620653-1000""}]",UnassignedGroup,"64-bit",17763,WindowsServer2019,"10.0","GOADa7ff41-GOAD-DC02",639033199730612500,"1/6/2026, 6:11:59.083 PM","1/6/2026, 6:11:59.083 PM",,Endpoint,,Server,"Domain Joined",,,,Onboarded,WindowsServer2019,1809,,Active,false,,,Medium,,,,,,"[""Arc""]","b5d0c01c-bf08-4354-8e81-9412ae4ffb7e",,false,,7792,,,DeviceInfo
,"10.8798.17763.7792",0220e4c274577c1dba179f1812d031a7757ffaae,"kingslanding.sevenkingdoms.local",,false,"[{""UserName"":""localuser"",""DomainName"":""SEVENKINGDOMS"",""Sid"":""S-1-5-21-3730121682-1558260717-1313176974-1000""}]",GOAD,"64-bit",17763,WindowsServer2019,"10.0","GOADa7ff41-GOAD-DC01",639033162309111000,"1/6/2026, 5:09:55.174 PM","1/6/2026, 5:09:55.174 PM",,Endpoint,,Server,"Domain Joined",,,,Onboarded,WindowsServer2019,1809,,Active,false,,,Medium,,,,,,"[""Arc""]","e0790d1a-da7c-44af-82e6-7ba7ca1d5359",,false,,7792,,,DeviceInfo
,"10.8798.17763.7792",536672e83b4ef2f109c5d44e37a947eedcfb6b4b,"winterfell.north.sevenkingdoms.local",,false,"[{""UserName"":""localuser"",""DomainName"":""NORTH"",""Sid"":""S-1-5-21-2975077076-1813412092-533620653-1000""}]",UnassignedGroup,"64-bit",17763,WindowsServer2019,"10.0","GOADa7ff41-GOAD-DC02",639033163374137500,"1/6/2026, 5:11:52.377 PM","1/6/2026, 5:11:52.377 PM",,Endpoint,,Server,"Domain Joined",,,,Onboarded,WindowsServer2019,1809,,Active,false,,,Medium,,,,,,"[""Arc""]","b5d0c01c-bf08-4354-8e81-9412ae4ffb7e",,false,,7792,,,DeviceInfo
,"10.8798.17763.7792",0220e4c274577c1dba179f1812d031a7757ffaae,"kingslanding.sevenkingdoms.local",,false,"[{""UserName"":""localuser"",""DomainName"":""SEVENKINGDOMS"",""Sid"":""S-1-5-21-3730121682-1558260717-1313176974-1000""}]",GOAD,"64-bit",17763,WindowsServer2019,"10.0","GOADa7ff41-GOAD-DC01",639033234382711200,"1/6/2026, 7:10:03.794 PM","1/6/2026, 7:10:03.794 PM",,Endpoint,,Server,"Domain Joined",,,,Onboarded,WindowsServer2019,1809,,Active,false,,,Medium,,,,,,"[""Arc""]","e0790d1a-da7c-44af-82e6-7ba7ca1d5359",,false,,7792,,,DeviceInfo
,"10.8798.17763.7792",536672e83b4ef2f109c5d44e37a947eedcfb6b4b,"winterfell.north.sevenkingdoms.local",,false,"[{""UserName"":""localuser"",""DomainName"":""NORTH"",""Sid"":""S-1-5-21-2975077076-1813412092-533620653-1000""}]",UnassignedGroup,"64-bit",17763,WindowsServer2019,"10.0","GOADa7ff41-GOAD-DC02",639033235902795300,"1/6/2026, 7:12:02.269 PM","1/6/2026, 7:12:02.269 PM",,Endpoint,,Server,"Domain Joined",,,,Onboarded,WindowsServer2019,1809,,Active,false,,,Medium,,,,,,"[""Arc""]","b5d0c01c-bf08-4354-8e81-9412ae4ffb7e",,false,,7792,,,DeviceInfo
,"10.8798.17763.7792",536672e83b4ef2f109c5d44e37a947eedcfb6b4b,"winterfell.north.sevenkingdoms.local",,false,"[{""UserName"":""localuser"",""DomainName"":""NORTH"",""Sid"":""S-1-5-21-2975077076-1813412092-533620653-1000""}]",UnassignedGroup,"64-bit",17763,WindowsServer2019,"10.0","GOADa7ff41-GOAD-DC02",639033345230118300,"1/6/2026, 10:14:16.525 PM","1/6/2026, 10:14:16.525 PM",,Endpoint,,Server,"Domain Joined",,,,Onboarded,WindowsServer2019,1809,,Active,false,,,Medium,,,,,,"[""Arc""]","b5d0c01c-bf08-4354-8e81-9412ae4ffb7e",,false,,7792,,,DeviceInfo
,"10.8798.17763.7792",71a0557094bd79802ccb878bb11ac78612973c24,"castelblack.north.sevenkingdoms.local",,false,"[{""UserName"":""localuser"",""DomainName"":""CASTELBLACK"",""Sid"":""S-1-5-21-2428024234-3189697923-2318280212-1000""}]",UnassignedGroup,"64-bit",17763,WindowsServer2019,"10.0","GOADa7ff41-GOAD-SRV02",639033413682780200,"1/7/2026, 12:08:52.683 AM","1/7/2026, 12:08:52.683 AM",,Endpoint,,Server,"Domain Joined",,,,Onboarded,WindowsServer2019,1809,,Active,false,,,Medium,,,,,,"[""Arc""]","dd0932af-112f-478a-a873-d64f7666785a",,false,,7792,,,DeviceInfo
,"10.8798.17763.7792",71a0557094bd79802ccb878bb11ac78612973c24,"castelblack.north.sevenkingdoms.local",,false,"[{""UserName"":""localuser"",""DomainName"":""CASTELBLACK"",""Sid"":""S-1-5-21-2428024234-3189697923-2318280212-1000""}]",UnassignedGroup,"64-bit",17763,WindowsServer2019,"10.0","GOADa7ff41-GOAD-SRV02",639033449560052000,"1/7/2026, 1:08:55.124 AM","1/7/2026, 1:08:55.124 AM",,Endpoint,,Server,"Domain Joined",,,,Onboarded,WindowsServer2019,1809,,Active,false,,,Medium,,,,,,"[""Arc""]","dd0932af-112f-478a-a873-d64f7666785a",,false,,7792,,,DeviceInfo
,"10.8798.17763.7792",71a0557094bd79802ccb878bb11ac78612973c24,"castelblack.north.sevenkingdoms.local",,false,"[{""UserName"":""localuser"",""DomainName"":""CASTELBLACK"",""Sid"":""S-1-5-21-2428024234-3189697923-2318280212-1000""}]",UnassignedGroup,"64-bit",17763,WindowsServer2019,"10.0","GOADa7ff41-GOAD-SRV02",639033485729209700,"1/7/2026, 2:09:01.675 AM","1/7/2026, 2:09:01.675 AM",,Endpoint,,Server,"Domain Joined",,,,Onboarded,WindowsServer2019,1809,,Active,false,,,Medium,,,,,,"[""Arc""]","dd0932af-112f-478a-a873-d64f7666785a",,false,,7792,,,DeviceInfo
,"10.8798.17763.7792",536672e83b4ef2f109c5d44e37a947eedcfb6b4b,"winterfell.north.sevenkingdoms.local",,false,"[{""UserName"":""localuser"",""DomainName"":""NORTH"",""Sid"":""S-1-5-21-2975077076-1813412092-533620653-1000""}]",UnassignedGroup,"64-bit",17763,WindowsServer2019,"10.0","GOADa7ff41-GOAD-DC02",639033498485391500,"1/7/2026, 2:29:34.226 AM","1/7/2026, 2:29:34.226 AM",,Endpoint,,Server,"Domain Joined",,,,Onboarded,WindowsServer2019,1809,,Active,false,,,Medium,,,,,,"[""Arc""]","b5d0c01c-bf08-4354-8e81-9412ae4ffb7e",,false,,7792,,,DeviceInfo
,"10.8798.17763.7792",536672e83b4ef2f109c5d44e37a947eedcfb6b4b,"winterfell.north.sevenkingdoms.local",,false,"[{""UserName"":""localuser"",""DomainName"":""NORTH"",""Sid"":""S-1-5-21-2975077076-1813412092-533620653-1000""}]",UnassignedGroup,"64-bit",17763,WindowsServer2019,"10.0","GOADa7ff41-GOAD-DC02",639033534221921400,"1/7/2026, 3:29:45.843 AM","1/7/2026, 3:29:45.843 AM",,Endpoint,,Server,"Domain Joined",,,,Onboarded,WindowsServer2019,1809,,Active,false,,,Medium,,,,,,"[""Arc""]","b5d0c01c-bf08-4354-8e81-9412ae4ffb7e",,false,,7792,,,DeviceInfo
,"10.8798.17763.7792",71a0557094bd79802ccb878bb11ac78612973c24,"castelblack.north.sevenkingdoms.local",,false,"[{""UserName"":""localuser"",""DomainName"":""CASTELBLACK"",""Sid"":""S-1-5-21-2428024234-3189697923-2318280212-1000""}]",UnassignedGroup,"64-bit",17763,WindowsServer2019,"10.0","GOADa7ff41-GOAD-SRV02",639033630274763600,"1/7/2026, 6:09:19.957 AM","1/7/2026, 6:09:19.957 AM",,Endpoint,,Server,"Domain Joined",,,,Onboarded,WindowsServer2019,1809,,Active,false,,,Medium,,,,,,"[""Arc""]","dd0932af-112f-478a-a873-d64f7666785a",,false,,7792,,,DeviceInfo
,"10.8798.17763.7792",536672e83b4ef2f109c5d44e37a947eedcfb6b4b,"winterfell.north.sevenkingdoms.local",,false,"[{""UserName"":""localuser"",""DomainName"":""NORTH"",""Sid"":""S-1-5-21-2975077076-1813412092-533620653-1000""}]",UnassignedGroup,"64-bit",17763,WindowsServer2019,"10.0","GOADa7ff41-GOAD-DC02",639033678533185400,"1/7/2026, 7:30:15.877 AM","1/7/2026, 7:30:15.877 AM",,Endpoint,,Server,"Domain Joined",,,,Onboarded,WindowsServer2019,1809,,Active,false,,,Medium,,,,,,"[""Arc""]","b5d0c01c-bf08-4354-8e81-9412ae4ffb7e",,false,,7792,,,DeviceInfo
,"10.8798.17763.7792",536672e83b4ef2f109c5d44e37a947eedcfb6b4b,"winterfell.north.sevenkingdoms.local",,false,"[{""UserName"":""localuser"",""DomainName"":""NORTH"",""Sid"":""S-1-5-21-2975077076-1813412092-533620653-1000""}]",UnassignedGroup,"64-bit",17763,WindowsServer2019,"10.0","GOADa7ff41-GOAD-DC02",639033826502178800,"1/7/2026, 11:36:13.687 AM","1/7/2026, 11:36:13.687 AM",,Endpoint,,Server,"Domain Joined",,,,Onboarded,WindowsServer2019,1809,,Active,false,,,Medium,,,,,,"[""Arc""]","b5d0c01c-bf08-4354-8e81-9412ae4ffb7e",,false,,7792,,,DeviceInfo
,"10.8798.17763.7792",71a0557094bd79802ccb878bb11ac78612973c24,"castelblack.north.sevenkingdoms.local",,false,"[{""UserName"":""localuser"",""DomainName"":""CASTELBLACK"",""Sid"":""S-1-5-21-2428024234-3189697923-2318280212-1000""}]",UnassignedGroup,"64-bit",17763,WindowsServer2019,"10.0","GOADa7ff41-GOAD-SRV02",639033233743196700,"1/6/2026, 7:08:28.423 PM","1/6/2026, 7:08:28.423 PM",,Endpoint,,Server,"Domain Joined",,,,Onboarded,WindowsServer2019,1809,,Active,false,,,Medium,,,,,,"[""Arc""]","dd0932af-112f-478a-a873-d64f7666785a",,false,,7792,,,DeviceInfo
,"10.8798.17763.7792",71a0557094bd79802ccb878bb11ac78612973c24,"castelblack.north.sevenkingdoms.local",,false,"[{""UserName"":""localuser"",""DomainName"":""CASTELBLACK"",""Sid"":""S-1-5-21-2428024234-3189697923-2318280212-1000""}]",UnassignedGroup,"64-bit",17763,WindowsServer2019,"10.0","GOADa7ff41-GOAD-SRV02",639033377576821000,"1/6/2026, 11:08:46.373 PM","1/6/2026, 11:08:46.373 PM",,Endpoint,,Server,"Domain Joined",,,,Onboarded,WindowsServer2019,1809,,Active,false,,,Medium,,,,,,"[""Arc""]","dd0932af-112f-478a-a873-d64f7666785a",,false,,7792,,,DeviceInfo
,"10.8798.17763.7792",536672e83b4ef2f109c5d44e37a947eedcfb6b4b,"winterfell.north.sevenkingdoms.local",,false,"[{""UserName"":""localuser"",""DomainName"":""NORTH"",""Sid"":""S-1-5-21-2975077076-1813412092-533620653-1000""}]",UnassignedGroup,"64-bit",17763,WindowsServer2019,"10.0","GOADa7ff41-GOAD-DC02",639033381254256900,"1/6/2026, 11:14:19.473 PM","1/6/2026, 11:14:19.473 PM",,Endpoint,,Server,"Domain Joined",,,,Onboarded,WindowsServer2019,1809,,Active,false,,,Medium,,,,,,"[""Arc""]","b5d0c01c-bf08-4354-8e81-9412ae4ffb7e",,false,,7792,,,DeviceInfo
,"10.8798.17763.7792",536672e83b4ef2f109c5d44e37a947eedcfb6b4b,"winterfell.north.sevenkingdoms.local",,false,"[{""UserName"":""localuser"",""DomainName"":""NORTH"",""Sid"":""S-1-5-21-2975077076-1813412092-533620653-1000""}]",UnassignedGroup,"64-bit",17763,WindowsServer2019,"10.0","GOADa7ff41-GOAD-DC02",639033417338047100,"1/7/2026, 12:14:26.131 AM","1/7/2026, 12:14:26.131 AM",,Endpoint,,Server,"Domain Joined",,,,Onboarded,WindowsServer2019,1809,,Active,false,,,Medium,,,,,,"[""Arc""]","b5d0c01c-bf08-4354-8e81-9412ae4ffb7e",,false,,7792,,,DeviceInfo
,"10.8798.17763.7792",0220e4c274577c1dba179f1812d031a7757ffaae,"kingslanding.sevenkingdoms.local",,false,"[{""UserName"":""localuser"",""DomainName"":""SEVENKINGDOMS"",""Sid"":""S-1-5-21-3730121682-1558260717-1313176974-1000""}]",GOAD,"64-bit",17763,WindowsServer2019,"10.0","GOADa7ff41-GOAD-DC01",639033475891492700,"1/7/2026, 1:52:28.245 AM","1/7/2026, 1:52:28.245 AM",,Endpoint,,Server,"Domain Joined",,,,Onboarded,WindowsServer2019,1809,,Active,false,,,Medium,,,,,,"[""Arc""]","e0790d1a-da7c-44af-82e6-7ba7ca1d5359",,false,,7792,,,DeviceInfo
,"10.8798.17763.7792",71a0557094bd79802ccb878bb11ac78612973c24,"castelblack.north.sevenkingdoms.local",,false,"[{""UserName"":""localuser"",""DomainName"":""CASTELBLACK"",""Sid"":""S-1-5-21-2428024234-3189697923-2318280212-1000""}]",UnassignedGroup,"64-bit",17763,WindowsServer2019,"10.0","GOADa7ff41-GOAD-SRV02",639033522111605200,"1/7/2026, 3:09:05.492 AM","1/7/2026, 3:09:05.492 AM",,Endpoint,,Server,"Domain Joined",,,,Onboarded,WindowsServer2019,1809,,Active,false,,,Medium,,,,,,"[""Arc""]","dd0932af-112f-478a-a873-d64f7666785a",,false,,7792,,,DeviceInfo
,"10.8798.17763.7792",0220e4c274577c1dba179f1812d031a7757ffaae,"kingslanding.sevenkingdoms.local",,false,"[{""UserName"":""localuser"",""DomainName"":""SEVENKINGDOMS"",""Sid"":""S-1-5-21-3730121682-1558260717-1313176974-1000""}]",GOAD,"64-bit",17763,WindowsServer2019,"10.0","GOADa7ff41-GOAD-DC01",639033583788119700,"1/7/2026, 4:52:44.505 AM","1/7/2026, 4:52:44.505 AM",,Endpoint,,Server,"Domain Joined",,,,Onboarded,WindowsServer2019,1809,,Active,false,,,Medium,,,,,,"[""Arc""]","e0790d1a-da7c-44af-82e6-7ba7ca1d5359",,false,,7792,,,DeviceInfo
,"10.8798.17763.7792",71a0557094bd79802ccb878bb11ac78612973c24,"castelblack.north.sevenkingdoms.local",,false,"[{""UserName"":""localuser"",""DomainName"":""CASTELBLACK"",""Sid"":""S-1-5-21-2428024234-3189697923-2318280212-1000""}]",UnassignedGroup,"64-bit",17763,WindowsServer2019,"10.0","GOADa7ff41-GOAD-SRV02",639033702305562400,"1/7/2026, 8:09:42.553 AM","1/7/2026, 8:09:42.553 AM",,Endpoint,,Server,"Domain Joined",,,,Onboarded,WindowsServer2019,1809,,Active,false,,,Medium,,,,,,"[""Arc""]","dd0932af-112f-478a-a873-d64f7666785a",,false,,7792,,,DeviceInfo
,"10.8798.17763.7792",536672e83b4ef2f109c5d44e37a947eedcfb6b4b,"winterfell.north.sevenkingdoms.local",,false,"[{""UserName"":""localuser"",""DomainName"":""NORTH"",""Sid"":""S-1-5-21-2975077076-1813412092-533620653-1000""}]",UnassignedGroup,"64-bit",17763,WindowsServer2019,"10.0","GOADa7ff41-GOAD-DC02",639033702715024900,"1/7/2026, 8:10:19.421 AM","1/7/2026, 8:10:19.421 AM",,Endpoint,,Server,"Domain Joined",,,,Onboarded,WindowsServer2019,1809,,Active,false,,,Medium,,,,,,"[""Arc""]","b5d0c01c-bf08-4354-8e81-9412ae4ffb7e",,false,,7792,,,DeviceInfo
,"10.8798.17763.7792",71a0557094bd79802ccb878bb11ac78612973c24,"castelblack.north.sevenkingdoms.local",,false,"[{""UserName"":""localuser"",""DomainName"":""CASTELBLACK"",""Sid"":""S-1-5-21-2428024234-3189697923-2318280212-1000""}]",UnassignedGroup,"64-bit",17763,WindowsServer2019,"10.0","GOADa7ff41-GOAD-SRV02",639033738660257400,"1/7/2026, 9:09:53.021 AM","1/7/2026, 9:09:53.021 AM",,Endpoint,,Server,"Domain Joined",,,,Onboarded,WindowsServer2019,1809,,Active,false,,,Medium,,,,,,"[""Arc""]","dd0932af-112f-478a-a873-d64f7666785a",,false,,7792,,,DeviceInfo
,"10.8798.17763.7792",536672e83b4ef2f109c5d44e37a947eedcfb6b4b,"winterfell.north.sevenkingdoms.local",,false,"[{""UserName"":""localuser"",""DomainName"":""NORTH"",""Sid"":""S-1-5-21-2975077076-1813412092-533620653-1000""}]",UnassignedGroup,"64-bit",17763,WindowsServer2019,"10.0","GOADa7ff41-GOAD-DC02",639033738619002800,"1/7/2026, 9:10:28.803 AM","1/7/2026, 9:10:28.803 AM",,Endpoint,,Server,"Domain Joined",,,,Onboarded,WindowsServer2019,1809,,Active,false,,,Medium,,,,,,"[""Arc""]","b5d0c01c-bf08-4354-8e81-9412ae4ffb7e",,false,,7792,,,DeviceInfo
,"10.8798.17763.7792",0220e4c274577c1dba179f1812d031a7757ffaae,"kingslanding.sevenkingdoms.local",,false,"[{""UserName"":""localuser"",""DomainName"":""SEVENKINGDOMS"",""Sid"":""S-1-5-21-3730121682-1558260717-1313176974-1000""}]",GOAD,"64-bit",17763,WindowsServer2019,"10.0","GOADa7ff41-GOAD-DC01",639033739024412800,"1/7/2026, 9:07:19.316 AM","1/7/2026, 9:07:19.316 AM",,Endpoint,,Server,"Domain Joined",,,,Onboarded,WindowsServer2019,1809,,Active,false,,,Medium,,,,,,"[""Arc""]","e0790d1a-da7c-44af-82e6-7ba7ca1d5359",,false,,7792,,,DeviceInfo
,"10.8798.17763.7792",0220e4c274577c1dba179f1812d031a7757ffaae,"kingslanding.sevenkingdoms.local",,false,"[{""UserName"":""localuser"",""DomainName"":""SEVENKINGDOMS"",""Sid"":""S-1-5-21-3730121682-1558260717-1313176974-1000""}]",GOAD,"64-bit",17763,WindowsServer2019,"10.0","GOADa7ff41-GOAD-DC01",639033810231090300,"1/7/2026, 11:09:06.699 AM","1/7/2026, 11:09:06.699 AM",,Endpoint,,Server,"Domain Joined",,,,Onboarded,WindowsServer2019,1809,,Active,false,,,Medium,,,,,,"[""Arc""]","e0790d1a-da7c-44af-82e6-7ba7ca1d5359",,false,,7792,,,DeviceInfo
,"10.8798.17763.7792",71a0557094bd79802ccb878bb11ac78612973c24,"castelblack.north.sevenkingdoms.local",,false,"[{""UserName"":""localuser"",""DomainName"":""CASTELBLACK"",""Sid"":""S-1-5-21-2428024234-3189697923-2318280212-1000""}]",UnassignedGroup,"64-bit",17763,WindowsServer2019,"10.0","GOADa7ff41-GOAD-SRV02",639033269761004000,"1/6/2026, 8:08:30.459 PM","1/6/2026, 8:08:30.459 PM",,Endpoint,,Server,"Domain Joined",,,,Onboarded,WindowsServer2019,1809,,Active,false,,,Medium,,,,,,"[""Arc""]","dd0932af-112f-478a-a873-d64f7666785a",,false,,7792,,,DeviceInfo
,"10.8798.17763.7792",0220e4c274577c1dba179f1812d031a7757ffaae,"kingslanding.sevenkingdoms.local",,false,"[{""UserName"":""localuser"",""DomainName"":""SEVENKINGDOMS"",""Sid"":""S-1-5-21-3730121682-1558260717-1313176974-1000""}]",GOAD,"64-bit",17763,WindowsServer2019,"10.0","GOADa7ff41-GOAD-DC01",639033271445233900,"1/6/2026, 8:12:09.174 PM","1/6/2026, 8:12:09.174 PM",,Endpoint,,Server,"Domain Joined",,,,Onboarded,WindowsServer2019,1809,,Active,false,,,Medium,,,,,,"[""Arc""]","e0790d1a-da7c-44af-82e6-7ba7ca1d5359",,false,,7792,,,DeviceInfo
,"10.8798.17763.7792",536672e83b4ef2f109c5d44e37a947eedcfb6b4b,"winterfell.north.sevenkingdoms.local",,false,"[{""UserName"":""localuser"",""DomainName"":""NORTH"",""Sid"":""S-1-5-21-2975077076-1813412092-533620653-1000""}]",UnassignedGroup,"64-bit",17763,WindowsServer2019,"10.0","GOADa7ff41-GOAD-DC02",639033273120785400,"1/6/2026, 8:14:07.934 PM","1/6/2026, 8:14:07.934 PM",,Endpoint,,Server,"Domain Joined",,,,Onboarded,WindowsServer2019,1809,,Active,false,,,Medium,,,,,,"[""Arc""]","b5d0c01c-bf08-4354-8e81-9412ae4ffb7e",,false,,7792,,,DeviceInfo
,"10.8798.17763.7792",71a0557094bd79802ccb878bb11ac78612973c24,"castelblack.north.sevenkingdoms.local",,false,"[{""UserName"":""localuser"",""DomainName"":""CASTELBLACK"",""Sid"":""S-1-5-21-2428024234-3189697923-2318280212-1000""}]",UnassignedGroup,"64-bit",17763,WindowsServer2019,"10.0","GOADa7ff41-GOAD-SRV02",639033305629838700,"1/6/2026, 9:08:34.755 PM","1/6/2026, 9:08:34.755 PM",,Endpoint,,Server,"Domain Joined",,,,Onboarded,WindowsServer2019,1809,,Active,false,,,Medium,,,,,,"[""Arc""]","dd0932af-112f-478a-a873-d64f7666785a",,false,,7792,,,DeviceInfo
,"10.8798.17763.7792",71a0557094bd79802ccb878bb11ac78612973c24,"castelblack.north.sevenkingdoms.local",,false,"[{""UserName"":""localuser"",""DomainName"":""CASTELBLACK"",""Sid"":""S-1-5-21-2428024234-3189697923-2318280212-1000""}]",UnassignedGroup,"64-bit",17763,WindowsServer2019,"10.0","GOADa7ff41-GOAD-SRV02",639033341824659600,"1/6/2026, 10:08:44.425 PM","1/6/2026, 10:08:44.425 PM",,Endpoint,,Server,"Domain Joined",,,,Onboarded,WindowsServer2019,1809,,Active,false,,,Medium,,,,,,"[""Arc""]","dd0932af-112f-478a-a873-d64f7666785a",,false,,7792,,,DeviceInfo
,"10.8798.17763.7792",0220e4c274577c1dba179f1812d031a7757ffaae,"kingslanding.sevenkingdoms.local",,false,"[{""UserName"":""localuser"",""DomainName"":""SEVENKINGDOMS"",""Sid"":""S-1-5-21-3730121682-1558260717-1313176974-1000""}]",GOAD,"64-bit",17763,WindowsServer2019,"10.0","GOADa7ff41-GOAD-DC01",639033404299528000,"1/6/2026, 11:52:21.660 PM","1/6/2026, 11:52:21.660 PM",,Endpoint,,Server,"Domain Joined",,,,Onboarded,WindowsServer2019,1809,,Active,false,,,Medium,,,,,,"[""Arc""]","e0790d1a-da7c-44af-82e6-7ba7ca1d5359",,false,,7792,,,DeviceInfo
,"10.8798.17763.7792",536672e83b4ef2f109c5d44e37a947eedcfb6b4b,"winterfell.north.sevenkingdoms.local",,false,"[{""UserName"":""localuser"",""DomainName"":""NORTH"",""Sid"":""S-1-5-21-2975077076-1813412092-533620653-1000""}]",UnassignedGroup,"64-bit",17763,WindowsServer2019,"10.0","GOADa7ff41-GOAD-DC02",639033428311234000,"1/7/2026, 12:27:56.367 AM","1/7/2026, 12:27:56.367 AM",,Endpoint,,Server,"Domain Joined",,,,Onboarded,WindowsServer2019,1809,,Active,false,,,Medium,,,,,,"[""Arc""]","b5d0c01c-bf08-4354-8e81-9412ae4ffb7e",,false,,7792,,,DeviceInfo
,"10.8798.17763.7792",0220e4c274577c1dba179f1812d031a7757ffaae,"kingslanding.sevenkingdoms.local",,false,"[{""UserName"":""localuser"",""DomainName"":""SEVENKINGDOMS"",""Sid"":""S-1-5-21-3730121682-1558260717-1313176974-1000""}]",GOAD,"64-bit",17763,WindowsServer2019,"10.0","GOADa7ff41-GOAD-DC01",639033512061100300,"1/7/2026, 2:52:31.456 AM","1/7/2026, 2:52:31.456 AM",,Endpoint,,Server,"Domain Joined",,,,Onboarded,WindowsServer2019,1809,,Active,false,,,Medium,,,,,,"[""Arc""]","e0790d1a-da7c-44af-82e6-7ba7ca1d5359",,false,,7792,,,DeviceInfo
,"10.8798.17763.7792",71a0557094bd79802ccb878bb11ac78612973c24,"castelblack.north.sevenkingdoms.local",,false,"[{""UserName"":""localuser"",""DomainName"":""CASTELBLACK"",""Sid"":""S-1-5-21-2428024234-3189697923-2318280212-1000""}]",UnassignedGroup,"64-bit",17763,WindowsServer2019,"10.0","GOADa7ff41-GOAD-SRV02",639033558053403600,"1/7/2026, 4:09:12.243 AM","1/7/2026, 4:09:12.243 AM",,Endpoint,,Server,"Domain Joined",,,,Onboarded,WindowsServer2019,1809,,Active,false,,,Medium,,,,,,"[""Arc""]","dd0932af-112f-478a-a873-d64f7666785a",,false,,7792,,,DeviceInfo
,"10.8798.17763.7792",71a0557094bd79802ccb878bb11ac78612973c24,"castelblack.north.sevenkingdoms.local",,false,"[{""UserName"":""localuser"",""DomainName"":""CASTELBLACK"",""Sid"":""S-1-5-21-2428024234-3189697923-2318280212-1000""}]",UnassignedGroup,"64-bit",17763,WindowsServer2019,"10.0","GOADa7ff41-GOAD-SRV02",639033594128051600,"1/7/2026, 5:09:14.976 AM","1/7/2026, 5:09:14.976 AM",,Endpoint,,Server,"Domain Joined",,,,Onboarded,WindowsServer2019,1809,,Active,false,,,Medium,,,,,,"[""Arc""]","dd0932af-112f-478a-a873-d64f7666785a",,false,,7792,,,DeviceInfo
,"10.8798.17763.7792",536672e83b4ef2f109c5d44e37a947eedcfb6b4b,"winterfell.north.sevenkingdoms.local",,false,"[{""UserName"":""localuser"",""DomainName"":""NORTH"",""Sid"":""S-1-5-21-2975077076-1813412092-533620653-1000""}]",UnassignedGroup,"64-bit",17763,WindowsServer2019,"10.0","GOADa7ff41-GOAD-DC02",639033606297686500,"1/7/2026, 5:29:55.710 AM","1/7/2026, 5:29:55.710 AM",,Endpoint,,Server,"Domain Joined",,,,Onboarded,WindowsServer2019,1809,,Active,false,,,Medium,,,,,,"[""Arc""]","b5d0c01c-bf08-4354-8e81-9412ae4ffb7e",,false,,7792,,,DeviceInfo
,"10.8798.17763.7792",0220e4c274577c1dba179f1812d031a7757ffaae,"kingslanding.sevenkingdoms.local",,false,"[{""UserName"":""localuser"",""DomainName"":""SEVENKINGDOMS"",""Sid"":""S-1-5-21-3730121682-1558260717-1313176974-1000""}]",GOAD,"64-bit",17763,WindowsServer2019,"10.0","GOADa7ff41-GOAD-DC01",639033620151964300,"1/7/2026, 5:52:53.583 AM","1/7/2026, 5:52:53.583 AM",,Endpoint,,Server,"Domain Joined",,,,Onboarded,WindowsServer2019,1809,,Active,false,,,Medium,,,,,,"[""Arc""]","e0790d1a-da7c-44af-82e6-7ba7ca1d5359",,false,,7792,,,DeviceInfo
,"10.8798.17763.7792",71a0557094bd79802ccb878bb11ac78612973c24,"castelblack.north.sevenkingdoms.local",,false,"[{""UserName"":""localuser"",""DomainName"":""CASTELBLACK"",""Sid"":""S-1-5-21-2428024234-3189697923-2318280212-1000""}]",UnassignedGroup,"64-bit",17763,WindowsServer2019,"10.0","GOADa7ff41-GOAD-SRV02",639033666130689800,"1/7/2026, 7:09:23.939 AM","1/7/2026, 7:09:23.939 AM",,Endpoint,,Server,"Domain Joined",,,,Onboarded,WindowsServer2019,1809,,Active,false,,,Medium,,,,,,"[""Arc""]","dd0932af-112f-478a-a873-d64f7666785a",,false,,7792,,,DeviceInfo
,"10.8798.17763.7792",0220e4c274577c1dba179f1812d031a7757ffaae,"kingslanding.sevenkingdoms.local",,false,"[{""UserName"":""localuser"",""DomainName"":""SEVENKINGDOMS"",""Sid"":""S-1-5-21-3730121682-1558260717-1313176974-1000""}]",GOAD,"64-bit",17763,WindowsServer2019,"10.0","GOADa7ff41-GOAD-DC01",639033692458870500,"1/7/2026, 7:53:16.204 AM","1/7/2026, 7:53:16.204 AM",,Endpoint,,Server,"Domain Joined",,,,Onboarded,WindowsServer2019,1809,,Active,false,,,Medium,,,,,,"[""Arc""]","e0790d1a-da7c-44af-82e6-7ba7ca1d5359",,false,,7792,,,DeviceInfo
,"10.8798.17763.7792",0220e4c274577c1dba179f1812d031a7757ffaae,"kingslanding.sevenkingdoms.local",,false,"[{""UserName"":""localuser"",""DomainName"":""SEVENKINGDOMS"",""Sid"":""S-1-5-21-3730121682-1558260717-1313176974-1000""}]",GOAD,"64-bit",17763,WindowsServer2019,"10.0","GOADa7ff41-GOAD-DC01",639033728597419600,"1/7/2026, 8:53:22.324 AM","1/7/2026, 8:53:22.324 AM",,Endpoint,,Server,"Domain Joined",,,,Onboarded,WindowsServer2019,1809,,Active,false,,,Medium,,,,,,"[""Arc""]","e0790d1a-da7c-44af-82e6-7ba7ca1d5359",,false,,7792,,,DeviceInfo
,"10.8798.17763.7792",71a0557094bd79802ccb878bb11ac78612973c24,"castelblack.north.sevenkingdoms.local",,false,"[{""UserName"":""localuser"",""DomainName"":""CASTELBLACK"",""Sid"":""S-1-5-21-2428024234-3189697923-2318280212-1000""}]",UnassignedGroup,"64-bit",17763,WindowsServer2019,"10.0","GOADa7ff41-GOAD-SRV02",639033751031105900,"1/7/2026, 9:22:52.984 AM","1/7/2026, 9:22:52.984 AM",,Endpoint,,Server,"Domain Joined",,,,Onboarded,WindowsServer2019,1809,,Active,false,,,Medium,,,,,,"[""Arc""]","dd0932af-112f-478a-a873-d64f7666785a",,false,,7792,,,DeviceInfo
,"10.8798.17763.7792",0220e4c274577c1dba179f1812d031a7757ffaae,"kingslanding.sevenkingdoms.local",,false,"[{""UserName"":""localuser"",""DomainName"":""SEVENKINGDOMS"",""Sid"":""S-1-5-21-3730121682-1558260717-1313176974-1000""}]",GOAD,"64-bit",17763,WindowsServer2019,"10.0","GOADa7ff41-GOAD-DC01",639033776849509800,"1/7/2026, 10:07:19.320 AM","1/7/2026, 10:07:19.320 AM",,Endpoint,,Server,"Domain Joined",,,,Onboarded,WindowsServer2019,1809,,Active,false,,,Medium,,,,,,"[""Arc""]","e0790d1a-da7c-44af-82e6-7ba7ca1d5359",,false,,7792,,,DeviceInfo
,"10.8798.17763.7792",536672e83b4ef2f109c5d44e37a947eedcfb6b4b,"winterfell.north.sevenkingdoms.local",,false,"[{""UserName"":""localuser"",""DomainName"":""NORTH"",""Sid"":""S-1-5-21-2975077076-1813412092-533620653-1000""}]",UnassignedGroup,"64-bit",17763,WindowsServer2019,"10.0","GOADa7ff41-GOAD-DC02",639033796144495900,"1/7/2026, 10:46:11.907 AM","1/7/2026, 10:46:11.907 AM",,Endpoint,,Server,"Domain Joined",,,,Onboarded,WindowsServer2019,1809,,Active,false,,,Medium,,,,,,"[""Arc""]","b5d0c01c-bf08-4354-8e81-9412ae4ffb7e",,false,,7792,,,DeviceInfo
,"10.8798.17763.7792",0220e4c274577c1dba179f1812d031a7757ffaae,"kingslanding.sevenkingdoms.local",,false,"[{""UserName"":""localuser"",""DomainName"":""SEVENKINGDOMS"",""Sid"":""S-1-5-21-3730121682-1558260717-1313176974-1000""}]",GOAD,"64-bit",17763,WindowsServer2019,"10.0","GOADa7ff41-GOAD-DC01",639031251923769000,"1/4/2026, 12:05:05.185 PM","1/4/2026, 12:05:05.185 PM",,Endpoint,,Server,"Domain Joined",,,,Onboarded,WindowsServer2019,1809,,Active,false,,,Medium,,,,,,"[""Arc""]","e0790d1a-da7c-44af-82e6-7ba7ca1d5359",,false,,7792,,,DeviceInfo
,"10.8798.17763.7792",71a0557094bd79802ccb878bb11ac78612973c24,"castelblack.north.sevenkingdoms.local",,false,"[{""UserName"":""localuser"",""DomainName"":""CASTELBLACK"",""Sid"":""S-1-5-21-2428024234-3189697923-2318280212-1000""}]",UnassignedGroup,"64-bit",17763,WindowsServer2019,"10.0","GOADa7ff41-GOAD-SRV02",639031254889007400,"1/4/2026, 12:11:13.871 PM","1/4/2026, 12:11:13.871 PM",,Endpoint,,Server,"Domain Joined",,,,Onboarded,WindowsServer2019,1809,,Active,false,,,Medium,,,,,,"[""Arc""]","dd0932af-112f-478a-a873-d64f7666785a",,false,,7792,,,DeviceInfo
,"10.8798.17763.7792",536672e83b4ef2f109c5d44e37a947eedcfb6b4b,"winterfell.north.sevenkingdoms.local",,false,"[{""UserName"":""localuser"",""DomainName"":""NORTH"",""Sid"":""S-1-5-21-2975077076-1813412092-533620653-1000""}]",UnassignedGroup,"64-bit",17763,WindowsServer2019,"10.0","GOADa7ff41-GOAD-DC02",639031321635805600,"1/4/2026, 2:01:48.626 PM","1/4/2026, 2:01:48.626 PM",,Endpoint,,Server,"Domain Joined",,,,Onboarded,WindowsServer2019,1809,,Active,false,,,Medium,,,,,,"[""Arc""]","b5d0c01c-bf08-4354-8e81-9412ae4ffb7e",,false,,7792,,,DeviceInfo
,"10.8798.17763.7792",71a0557094bd79802ccb878bb11ac78612973c24,"castelblack.north.sevenkingdoms.local",,false,"[{""UserName"":""localuser"",""DomainName"":""CASTELBLACK"",""Sid"":""S-1-5-21-2428024234-3189697923-2318280212-1000""}]",UnassignedGroup,"64-bit",17763,WindowsServer2019,"10.0","GOADa7ff41-GOAD-SRV02",639031363286622600,"1/4/2026, 3:11:27.736 PM","1/4/2026, 3:11:27.736 PM",,Endpoint,,Server,"Domain Joined",,,,Onboarded,WindowsServer2019,1809,,Active,false,,,Medium,,,,,,"[""Arc""]","dd0932af-112f-478a-a873-d64f7666785a",,false,,7792,,,DeviceInfo
,"10.8798.17763.7792",536672e83b4ef2f109c5d44e37a947eedcfb6b4b,"winterfell.north.sevenkingdoms.local",,false,"[{""UserName"":""localuser"",""DomainName"":""NORTH"",""Sid"":""S-1-5-21-2975077076-1813412092-533620653-1000""}]",UnassignedGroup,"64-bit",17763,WindowsServer2019,"10.0","GOADa7ff41-GOAD-DC02",639031464942530200,"1/4/2026, 5:57:56.359 PM","1/4/2026, 5:57:56.359 PM",,Endpoint,,Server,"Domain Joined",,,,Onboarded,WindowsServer2019,1809,,Active,false,,,Medium,,,,,,"[""Arc""]","b5d0c01c-bf08-4354-8e81-9412ae4ffb7e",,false,,7792,,,DeviceInfo
,"10.8798.17763.7792",0220e4c274577c1dba179f1812d031a7757ffaae,"kingslanding.sevenkingdoms.local",,false,"[{""UserName"":""localuser"",""DomainName"":""SEVENKINGDOMS"",""Sid"":""S-1-5-21-3730121682-1558260717-1313176974-1000""}]",GOAD,"64-bit",17763,WindowsServer2019,"10.0","GOADa7ff41-GOAD-DC01",639031287369348600,"1/4/2026, 1:05:08.671 PM","1/4/2026, 1:05:08.671 PM",,Endpoint,,Server,"Domain Joined",,,,Onboarded,WindowsServer2019,1809,,Active,false,,,Medium,,,,,,"[""Arc""]","e0790d1a-da7c-44af-82e6-7ba7ca1d5359",,false,,7792,,,DeviceInfo
,"10.8798.17763.7792",536672e83b4ef2f109c5d44e37a947eedcfb6b4b,"winterfell.north.sevenkingdoms.local",,false,"[{""UserName"":""localuser"",""DomainName"":""NORTH"",""Sid"":""S-1-5-21-2975077076-1813412092-533620653-1000""}]",UnassignedGroup,"64-bit",17763,WindowsServer2019,"10.0","GOADa7ff41-GOAD-DC02",639031285882839700,"1/4/2026, 12:57:56.366 PM","1/4/2026, 12:57:56.366 PM",,Endpoint,,Server,"Domain Joined",,,,Onboarded,WindowsServer2019,1809,,Active,false,,,Medium,,,,,,"[""Arc""]","b5d0c01c-bf08-4354-8e81-9412ae4ffb7e",,false,,7792,,,DeviceInfo
,"10.8798.17763.7792",71a0557094bd79802ccb878bb11ac78612973c24,"castelblack.north.sevenkingdoms.local",,false,"[{""UserName"":""localuser"",""DomainName"":""CASTELBLACK"",""Sid"":""S-1-5-21-2428024234-3189697923-2318280212-1000""}]",UnassignedGroup,"64-bit",17763,WindowsServer2019,"10.0","GOADa7ff41-GOAD-SRV02",639031291272867100,"1/4/2026, 1:11:18.742 PM","1/4/2026, 1:11:18.742 PM",,Endpoint,,Server,"Domain Joined",,,,Onboarded,WindowsServer2019,1809,,Active,false,,,Medium,,,,,,"[""Arc""]","dd0932af-112f-478a-a873-d64f7666785a",,false,,7792,,,DeviceInfo
,"10.8798.17763.7792",0220e4c274577c1dba179f1812d031a7757ffaae,"kingslanding.sevenkingdoms.local",,false,"[{""UserName"":""localuser"",""DomainName"":""SEVENKINGDOMS"",""Sid"":""S-1-5-21-3730121682-1558260717-1313176974-1000""}]",GOAD,"64-bit",17763,WindowsServer2019,"10.0","GOADa7ff41-GOAD-DC01",639031324030539000,"1/4/2026, 2:05:11.372 PM","1/4/2026, 2:05:11.372 PM",,Endpoint,,Server,"Domain Joined",,,,Onboarded,WindowsServer2019,1809,,Active,false,,,Medium,,,,,,"[""Arc""]","e0790d1a-da7c-44af-82e6-7ba7ca1d5359",,false,,7792,,,DeviceInfo
,"10.8798.17763.7792",71a0557094bd79802ccb878bb11ac78612973c24,"castelblack.north.sevenkingdoms.local",,false,"[{""UserName"":""localuser"",""DomainName"":""CASTELBLACK"",""Sid"":""S-1-5-21-2428024234-3189697923-2318280212-1000""}]",UnassignedGroup,"64-bit",17763,WindowsServer2019,"10.0","GOADa7ff41-GOAD-SRV02",639031327320033000,"1/4/2026, 2:11:23.003 PM","1/4/2026, 2:11:23.003 PM",,Endpoint,,Server,"Domain Joined",,,,Onboarded,WindowsServer2019,1809,,Active,false,,,Medium,,,,,,"[""Arc""]","dd0932af-112f-478a-a873-d64f7666785a",,false,,7792,,,DeviceInfo
,"10.8798.17763.7792",536672e83b4ef2f109c5d44e37a947eedcfb6b4b,"winterfell.north.sevenkingdoms.local",,false,"[{""UserName"":""localuser"",""DomainName"":""NORTH"",""Sid"":""S-1-5-21-2975077076-1813412092-533620653-1000""}]",UnassignedGroup,"64-bit",17763,WindowsServer2019,"10.0","GOADa7ff41-GOAD-DC02",639031357650136600,"1/4/2026, 2:57:56.352 PM","1/4/2026, 2:57:56.352 PM",,Endpoint,,Server,"Domain Joined",,,,Onboarded,WindowsServer2019,1809,,Active,false,,,Medium,,,,,,"[""Arc""]","b5d0c01c-bf08-4354-8e81-9412ae4ffb7e",,false,,7792,,,DeviceInfo
,"10.8798.17763.7792",0220e4c274577c1dba179f1812d031a7757ffaae,"kingslanding.sevenkingdoms.local",,false,"[{""UserName"":""localuser"",""DomainName"":""SEVENKINGDOMS"",""Sid"":""S-1-5-21-3730121682-1558260717-1313176974-1000""}]",GOAD,"64-bit",17763,WindowsServer2019,"10.0","GOADa7ff41-GOAD-DC01",639031359573857900,"1/4/2026, 3:05:13.320 PM","1/4/2026, 3:05:13.320 PM",,Endpoint,,Server,"Domain Joined",,,,Onboarded,WindowsServer2019,1809,,Active,false,,,Medium,,,,,,"[""Arc""]","e0790d1a-da7c-44af-82e6-7ba7ca1d5359",,false,,7792,,,DeviceInfo
,"10.8798.17763.7792",0220e4c274577c1dba179f1812d031a7757ffaae,"kingslanding.sevenkingdoms.local",,false,"[{""UserName"":""localuser"",""DomainName"":""SEVENKINGDOMS"",""Sid"":""S-1-5-21-3730121682-1558260717-1313176974-1000""}]",GOAD,"64-bit",17763,WindowsServer2019,"10.0","GOADa7ff41-GOAD-DC01",639031395468123100,"1/4/2026, 4:05:16.906 PM","1/4/2026, 4:05:16.906 PM",,Endpoint,,Server,"Domain Joined",,,,Onboarded,WindowsServer2019,1809,,Active,false,,,Medium,,,,,,"[""Arc""]","e0790d1a-da7c-44af-82e6-7ba7ca1d5359",,false,,7792,,,DeviceInfo
,"10.8798.17763.7792",536672e83b4ef2f109c5d44e37a947eedcfb6b4b,"winterfell.north.sevenkingdoms.local",,false,"[{""UserName"":""localuser"",""DomainName"":""NORTH"",""Sid"":""S-1-5-21-2975077076-1813412092-533620653-1000""}]",UnassignedGroup,"64-bit",17763,WindowsServer2019,"10.0","GOADa7ff41-GOAD-DC02",639031393290631400,"1/4/2026, 3:57:56.358 PM","1/4/2026, 3:57:56.358 PM",,Endpoint,,Server,"Domain Joined",,,,Onboarded,WindowsServer2019,1809,,Active,false,,,Medium,,,,,,"[""Arc""]","b5d0c01c-bf08-4354-8e81-9412ae4ffb7e",,false,,7792,,,DeviceInfo
,"10.8798.17763.7792",536672e83b4ef2f109c5d44e37a947eedcfb6b4b,"winterfell.north.sevenkingdoms.local",,false,"[{""UserName"":""localuser"",""DomainName"":""NORTH"",""Sid"":""S-1-5-21-2975077076-1813412092-533620653-1000""}]",UnassignedGroup,"64-bit",17763,WindowsServer2019,"10.0","GOADa7ff41-GOAD-DC02",639031429269659000,"1/4/2026, 4:57:56.359 PM","1/4/2026, 4:57:56.359 PM",,Endpoint,,Server,"Domain Joined",,,,Onboarded,WindowsServer2019,1809,,Active,false,,,Medium,,,,,,"[""Arc""]","b5d0c01c-bf08-4354-8e81-9412ae4ffb7e",,false,,7792,,,DeviceInfo
,"10.8798.17763.7792",0220e4c274577c1dba179f1812d031a7757ffaae,"kingslanding.sevenkingdoms.local",,false,"[{""UserName"":""localuser"",""DomainName"":""SEVENKINGDOMS"",""Sid"":""S-1-5-21-3730121682-1558260717-1313176974-1000""}]",GOAD,"64-bit",17763,WindowsServer2019,"10.0","GOADa7ff41-GOAD-DC01",639031431417333100,"1/4/2026, 5:05:21.005 PM","1/4/2026, 5:05:21.005 PM",,Endpoint,,Server,"Domain Joined",,,,Onboarded,WindowsServer2019,1809,,Active,false,,,Medium,,,,,,"[""Arc""]","e0790d1a-da7c-44af-82e6-7ba7ca1d5359",,false,,7792,,,DeviceInfo
,"10.8798.17763.7792",71a0557094bd79802ccb878bb11ac78612973c24,"castelblack.north.sevenkingdoms.local",,false,"[{""UserName"":""localuser"",""DomainName"":""CASTELBLACK"",""Sid"":""S-1-5-21-2428024234-3189697923-2318280212-1000""}]",UnassignedGroup,"64-bit",17763,WindowsServer2019,"10.0","GOADa7ff41-GOAD-SRV02",639031399571855900,"1/4/2026, 4:11:30.756 PM","1/4/2026, 4:11:30.756 PM",,Endpoint,,Server,"Domain Joined",,,,Onboarded,WindowsServer2019,1809,,Active,false,,,Medium,,,,,,"[""Arc""]","dd0932af-112f-478a-a873-d64f7666785a",,false,,7792,,,DeviceInfo
,"10.8798.17763.7792",71a0557094bd79802ccb878bb11ac78612973c24,"castelblack.north.sevenkingdoms.local",,false,"[{""UserName"":""localuser"",""DomainName"":""CASTELBLACK"",""Sid"":""S-1-5-21-2428024234-3189697923-2318280212-1000""}]",UnassignedGroup,"64-bit",17763,WindowsServer2019,"10.0","GOADa7ff41-GOAD-SRV02",639031435486443400,"1/4/2026, 5:11:35.895 PM","1/4/2026, 5:11:35.895 PM",,Endpoint,,Server,"Domain Joined",,,,Onboarded,WindowsServer2019,1809,,Active,false,,,Medium,,,,,,"[""Arc""]","dd0932af-112f-478a-a873-d64f7666785a",,false,,7792,,,DeviceInfo
,"10.8798.17763.7792",71a0557094bd79802ccb878bb11ac78612973c24,"castelblack.north.sevenkingdoms.local",,false,"[{""UserName"":""localuser"",""DomainName"":""CASTELBLACK"",""Sid"":""S-1-5-21-2428024234-3189697923-2318280212-1000""}]",UnassignedGroup,"64-bit",17763,WindowsServer2019,"10.0","GOADa7ff41-GOAD-SRV02",639031471365597200,"1/4/2026, 6:11:38.152 PM","1/4/2026, 6:11:38.152 PM",,Endpoint,,Server,"Domain Joined",,,,Onboarded,WindowsServer2019,1809,,Active,false,,,Medium,,,,,,"[""Arc""]","dd0932af-112f-478a-a873-d64f7666785a",,false,,7792,,,DeviceInfo
,"10.8798.17763.7792",0220e4c274577c1dba179f1812d031a7757ffaae,"kingslanding.sevenkingdoms.local",,false,"[{""UserName"":""localuser"",""DomainName"":""SEVENKINGDOMS"",""Sid"":""S-1-5-21-3730121682-1558260717-1313176974-1000""}]",GOAD,"64-bit",17763,WindowsServer2019,"10.0","GOADa7ff41-GOAD-DC01",639031467983047400,"1/4/2026, 6:05:27.433 PM","1/4/2026, 6:05:27.433 PM",,Endpoint,,Server,"Domain Joined",,,,Onboarded,WindowsServer2019,1809,,Active,false,,,Medium,,,,,,"[""Arc""]","e0790d1a-da7c-44af-82e6-7ba7ca1d5359",,false,,7792,,,DeviceInfo
,"10.8798.17763.7792",0220e4c274577c1dba179f1812d031a7757ffaae,"kingslanding.sevenkingdoms.local",,false,"[{""UserName"":""localuser"",""DomainName"":""SEVENKINGDOMS"",""Sid"":""S-1-5-21-3730121682-1558260717-1313176974-1000""}]",GOAD,"64-bit",17763,WindowsServer2019,"10.0","GOADa7ff41-GOAD-DC01",639033307778732800,"1/6/2026, 9:12:12.304 PM","1/6/2026, 9:12:12.304 PM",,Endpoint,,Server,"Domain Joined",,,,Onboarded,WindowsServer2019,1809,,Active,false,,,Medium,,,,,,"[""Arc""]","e0790d1a-da7c-44af-82e6-7ba7ca1d5359",,false,,7792,,,DeviceInfo
,"10.8798.17763.7792",536672e83b4ef2f109c5d44e37a947eedcfb6b4b,"winterfell.north.sevenkingdoms.local",,false,"[{""UserName"":""localuser"",""DomainName"":""NORTH"",""Sid"":""S-1-5-21-2975077076-1813412092-533620653-1000""}]",UnassignedGroup,"64-bit",17763,WindowsServer2019,"10.0","GOADa7ff41-GOAD-DC02",639033308896430100,"1/6/2026, 9:14:13.405 PM","1/6/2026, 9:14:13.405 PM",,Endpoint,,Server,"Domain Joined",,,,Onboarded,WindowsServer2019,1809,,Active,false,,,Medium,,,,,,"[""Arc""]","b5d0c01c-bf08-4354-8e81-9412ae4ffb7e",,false,,7792,,,DeviceInfo
,"10.8798.17763.7792",0220e4c274577c1dba179f1812d031a7757ffaae,"kingslanding.sevenkingdoms.local",,false,"[{""UserName"":""localuser"",""DomainName"":""SEVENKINGDOMS"",""Sid"":""S-1-5-21-3730121682-1558260717-1313176974-1000""}]",GOAD,"64-bit",17763,WindowsServer2019,"10.0","GOADa7ff41-GOAD-DC01",639033335856276200,"1/6/2026, 9:52:19.319 PM","1/6/2026, 9:52:19.319 PM",,Endpoint,,Server,"Domain Joined",,,,Onboarded,WindowsServer2019,1809,,Active,false,,,Medium,,,,,,"[""Arc""]","e0790d1a-da7c-44af-82e6-7ba7ca1d5359",,false,,7792,,,DeviceInfo
,"10.8798.17763.7792",0220e4c274577c1dba179f1812d031a7757ffaae,"kingslanding.sevenkingdoms.local",,false,"[{""UserName"":""localuser"",""DomainName"":""SEVENKINGDOMS"",""Sid"":""S-1-5-21-3730121682-1558260717-1313176974-1000""}]",GOAD,"64-bit",17763,WindowsServer2019,"10.0","GOADa7ff41-GOAD-DC01",639033370240553900,"1/6/2026, 10:52:19.317 PM","1/6/2026, 10:52:19.317 PM",,Endpoint,,Server,"Domain Joined",,,,Onboarded,WindowsServer2019,1809,,Active,false,,,Medium,,,,,,"[""Arc""]","e0790d1a-da7c-44af-82e6-7ba7ca1d5359",,false,,7792,,,DeviceInfo
,"10.8798.17763.7792",71a0557094bd79802ccb878bb11ac78612973c24,"castelblack.north.sevenkingdoms.local",,false,"[{""UserName"":""localuser"",""DomainName"":""CASTELBLACK"",""Sid"":""S-1-5-21-2428024234-3189697923-2318280212-1000""}]",UnassignedGroup,"64-bit",17763,WindowsServer2019,"10.0","GOADa7ff41-GOAD-SRV02",639033419171000200,"1/7/2026, 12:08:52.683 AM","1/7/2026, 12:08:52.683 AM",,Endpoint,,Server,"Domain Joined",,,,Onboarded,WindowsServer2019,1809,,Active,false,,,Medium,,,,,,"[""Arc""]","dd0932af-112f-478a-a873-d64f7666785a",,false,,7792,,,DeviceInfo
,"10.8798.17763.7792",0220e4c274577c1dba179f1812d031a7757ffaae,"kingslanding.sevenkingdoms.local",,false,"[{""UserName"":""localuser"",""DomainName"":""SEVENKINGDOMS"",""Sid"":""S-1-5-21-3730121682-1558260717-1313176974-1000""}]",GOAD,"64-bit",17763,WindowsServer2019,"10.0","GOADa7ff41-GOAD-DC01",639033440011530500,"1/7/2026, 12:52:26.138 AM","1/7/2026, 12:52:26.138 AM",,Endpoint,,Server,"Domain Joined",,,,Onboarded,WindowsServer2019,1809,,Active,false,,,Medium,,,,,,"[""Arc""]","e0790d1a-da7c-44af-82e6-7ba7ca1d5359",,false,,7792,,,DeviceInfo
,"10.8798.17763.7792",536672e83b4ef2f109c5d44e37a947eedcfb6b4b,"winterfell.north.sevenkingdoms.local",,false,"[{""UserName"":""localuser"",""DomainName"":""NORTH"",""Sid"":""S-1-5-21-2975077076-1813412092-533620653-1000""}]",UnassignedGroup,"64-bit",17763,WindowsServer2019,"10.0","GOADa7ff41-GOAD-DC02",639033462199907800,"1/7/2026, 1:29:31.752 AM","1/7/2026, 1:29:31.752 AM",,Endpoint,,Server,"Domain Joined",,,,Onboarded,WindowsServer2019,1809,,Active,false,,,Medium,,,,,,"[""Arc""]","b5d0c01c-bf08-4354-8e81-9412ae4ffb7e",,false,,7792,,,DeviceInfo
,"10.8798.17763.7792",0220e4c274577c1dba179f1812d031a7757ffaae,"kingslanding.sevenkingdoms.local",,false,"[{""UserName"":""localuser"",""DomainName"":""SEVENKINGDOMS"",""Sid"":""S-1-5-21-3730121682-1558260717-1313176974-1000""}]",GOAD,"64-bit",17763,WindowsServer2019,"10.0","GOADa7ff41-GOAD-DC01",639033548165257100,"1/7/2026, 3:52:39.460 AM","1/7/2026, 3:52:39.460 AM",,Endpoint,,Server,"Domain Joined",,,,Onboarded,WindowsServer2019,1809,,Active,false,,,Medium,,,,,,"[""Arc""]","e0790d1a-da7c-44af-82e6-7ba7ca1d5359",,false,,7792,,,DeviceInfo
,"10.8798.17763.7792",536672e83b4ef2f109c5d44e37a947eedcfb6b4b,"winterfell.north.sevenkingdoms.local",,false,"[{""UserName"":""localuser"",""DomainName"":""NORTH"",""Sid"":""S-1-5-21-2975077076-1813412092-533620653-1000""}]",UnassignedGroup,"64-bit",17763,WindowsServer2019,"10.0","GOADa7ff41-GOAD-DC02",639033570401922600,"1/7/2026, 4:29:49.358 AM","1/7/2026, 4:29:49.358 AM",,Endpoint,,Server,"Domain Joined",,,,Onboarded,WindowsServer2019,1809,,Active,false,,,Medium,,,,,,"[""Arc""]","b5d0c01c-bf08-4354-8e81-9412ae4ffb7e",,false,,7792,,,DeviceInfo
,"10.8798.17763.7792",536672e83b4ef2f109c5d44e37a947eedcfb6b4b,"winterfell.north.sevenkingdoms.local",,false,"[{""UserName"":""localuser"",""DomainName"":""NORTH"",""Sid"":""S-1-5-21-2975077076-1813412092-533620653-1000""}]",UnassignedGroup,"64-bit",17763,WindowsServer2019,"10.0","GOADa7ff41-GOAD-DC02",639033642393406200,"1/7/2026, 6:30:03.227 AM","1/7/2026, 6:30:03.227 AM",,Endpoint,,Server,"Domain Joined",,,,Onboarded,WindowsServer2019,1809,,Active,false,,,Medium,,,,,,"[""Arc""]","b5d0c01c-bf08-4354-8e81-9412ae4ffb7e",,false,,7792,,,DeviceInfo
,"10.8798.17763.7792",0220e4c274577c1dba179f1812d031a7757ffaae,"kingslanding.sevenkingdoms.local",,false,"[{""UserName"":""localuser"",""DomainName"":""SEVENKINGDOMS"",""Sid"":""S-1-5-21-3730121682-1558260717-1313176974-1000""}]",GOAD,"64-bit",17763,WindowsServer2019,"10.0","GOADa7ff41-GOAD-DC01",639033656279747800,"1/7/2026, 6:52:57.306 AM","1/7/2026, 6:52:57.306 AM",,Endpoint,,Server,"Domain Joined",,,,Onboarded,WindowsServer2019,1809,,Active,false,,,Medium,,,,,,"[""Arc""]","e0790d1a-da7c-44af-82e6-7ba7ca1d5359",,false,,7792,,,DeviceInfo
,"10.8798.17763.7792",0220e4c274577c1dba179f1812d031a7757ffaae,"kingslanding.sevenkingdoms.local",,false,"[{""UserName"":""localuser"",""DomainName"":""SEVENKINGDOMS"",""Sid"":""S-1-5-21-3730121682-1558260717-1313176974-1000""}]",GOAD,"64-bit",17763,WindowsServer2019,"10.0","GOADa7ff41-GOAD-DC01",639033747424065900,"1/7/2026, 9:22:19.320 AM","1/7/2026, 9:22:19.320 AM",,Endpoint,,Server,"Domain Joined",,,,Onboarded,WindowsServer2019,1809,,Active,false,,,Medium,,,,,,"[""Arc""]","e0790d1a-da7c-44af-82e6-7ba7ca1d5359",,false,,7792,,,DeviceInfo
,"10.8798.17763.7792",536672e83b4ef2f109c5d44e37a947eedcfb6b4b,"winterfell.north.sevenkingdoms.local",,false,"[{""UserName"":""localuser"",""DomainName"":""NORTH"",""Sid"":""S-1-5-21-2975077076-1813412092-533620653-1000""}]",UnassignedGroup,"64-bit",17763,WindowsServer2019,"10.0","GOADa7ff41-GOAD-DC02",639033763095252400,"1/7/2026, 9:42:56.361 AM","1/7/2026, 9:42:56.361 AM",,Endpoint,,Server,"Domain Joined",,,,Onboarded,WindowsServer2019,1809,,Active,false,,,Medium,,,,,,"[""Arc""]","b5d0c01c-bf08-4354-8e81-9412ae4ffb7e",,false,,7792,,,DeviceInfo
,"10.8798.17763.7792",71a0557094bd79802ccb878bb11ac78612973c24,"castelblack.north.sevenkingdoms.local",,false,"[{""UserName"":""localuser"",""DomainName"":""CASTELBLACK"",""Sid"":""S-1-5-21-2428024234-3189697923-2318280212-1000""}]",UnassignedGroup,"64-bit",17763,WindowsServer2019,"10.0","GOADa7ff41-GOAD-SRV02",639033783796162700,"1/7/2026, 10:25:02.947 AM","1/7/2026, 10:25:02.947 AM",,Endpoint,,Server,"Domain Joined",,,,Onboarded,WindowsServer2019,1809,,Active,false,,,Medium,,,,,,"[""Arc""]","dd0932af-112f-478a-a873-d64f7666785a",,false,,7792,,,DeviceInfo
,"10.8798.17763.7792",71a0557094bd79802ccb878bb11ac78612973c24,"castelblack.north.sevenkingdoms.local",,false,"[{""UserName"":""localuser"",""DomainName"":""CASTELBLACK"",""Sid"":""S-1-5-21-2428024234-3189697923-2318280212-1000""}]",UnassignedGroup,"64-bit",17763,WindowsServer2019,"10.0","GOADa7ff41-GOAD-SRV02",639033819714736600,"1/7/2026, 11:25:11.037 AM","1/7/2026, 11:25:11.037 AM",,Endpoint,,Server,"Domain Joined",,,,Onboarded,WindowsServer2019,1809,,Active,false,,,Medium,,,,,,"[""Arc""]","dd0932af-112f-478a-a873-d64f7666785a",,false,,7792,,,DeviceInfo
,"10.8210.19041.2006",4ea8fd5d341dfda4d5119d7694a4ef1418256c59,"casterlyrock.sevenkingdoms.local",,false,"[{""UserName"":""localuser"",""DomainName"":""CASTERLYROCK"",""Sid"":""S-1-5-21-3713504507-1819471056-20737139-1000""}]",GOAD,"64-bit",19045,Windows10,"10.0",,639033831482908400,"1/7/2026, 11:39:11.623 AM","1/7/2026, 11:39:11.623 AM",,Endpoint,,Workstation,"Domain Joined",,,,Onboarded,Windows10,22H2,,Active,false,,,High,,,,,,,,,false,,2006,,,DeviceInfo
,"10.8210.19041.2006",4ea8fd5d341dfda4d5119d7694a4ef1418256c59,"casterlyrock.sevenkingdoms.local",,false,"[{""UserName"":""localuser"",""DomainName"":""CASTERLYROCK"",""Sid"":""S-1-5-21-3713504507-1819471056-20737139-1000""}]",GOAD,"64-bit",19045,Windows10,"10.0",,639033834295791200,"1/7/2026, 11:39:11.623 AM","1/7/2026, 11:39:11.623 AM",,Endpoint,,Workstation,"Domain Joined",,,,Onboarded,Windows10,22H2,,Active,false,,,High,,,,,,,,,false,,2006,,,DeviceInfo
,"10.8798.17763.7792",71a0557094bd79802ccb878bb11ac78612973c24,"castelblack.north.sevenkingdoms.local",,false,"[{""UserName"":""localuser"",""DomainName"":""CASTELBLACK"",""Sid"":""S-1-5-21-2428024234-3189697923-2318280212-1000""}]",UnassignedGroup,"64-bit",17763,WindowsServer2019,"10.0","GOADa7ff41-GOAD-SRV02",639031508596269200,"1/4/2026, 7:13:47.246 PM","1/4/2026, 7:13:47.246 PM",,Endpoint,,Server,"Domain Joined",,,,Onboarded,WindowsServer2019,1809,,Active,false,,,Medium,,,,,,"[""Arc""]","dd0932af-112f-478a-a873-d64f7666785a",,false,,7792,,,DeviceInfo
,"10.8798.17763.7792",71a0557094bd79802ccb878bb11ac78612973c24,"castelblack.north.sevenkingdoms.local",,false,"[{""UserName"":""localuser"",""DomainName"":""CASTELBLACK"",""Sid"":""S-1-5-21-2428024234-3189697923-2318280212-1000""}]",UnassignedGroup,"64-bit",17763,WindowsServer2019,"10.0","GOADa7ff41-GOAD-SRV02",639031544878795900,"1/4/2026, 8:13:50.708 PM","1/4/2026, 8:13:50.708 PM",,Endpoint,,Server,"Domain Joined",,,,Onboarded,WindowsServer2019,1809,,Active,false,,,Medium,,,,,,"[""Arc""]","dd0932af-112f-478a-a873-d64f7666785a",,false,,7792,,,DeviceInfo
,"10.8798.17763.7792",536672e83b4ef2f109c5d44e37a947eedcfb6b4b,"winterfell.north.sevenkingdoms.local",,false,"[{""UserName"":""localuser"",""DomainName"":""NORTH"",""Sid"":""S-1-5-21-2975077076-1813412092-533620653-1000""}]",UnassignedGroup,"64-bit",17763,WindowsServer2019,"10.0","GOADa7ff41-GOAD-DC02",639031608162409100,"1/4/2026, 9:59:27.315 PM","1/4/2026, 9:59:27.315 PM",,Endpoint,,Server,"Domain Joined",,,,Onboarded,WindowsServer2019,1809,,Active,false,,,Medium,,,,,,"[""Arc""]","b5d0c01c-bf08-4354-8e81-9412ae4ffb7e",,false,,7792,,,DeviceInfo
,"10.8798.17763.7792",0220e4c274577c1dba179f1812d031a7757ffaae,"kingslanding.sevenkingdoms.local",,false,"[{""UserName"":""localuser"",""DomainName"":""SEVENKINGDOMS"",""Sid"":""S-1-5-21-3730121682-1558260717-1313176974-1000""}]",GOAD,"64-bit",17763,WindowsServer2019,"10.0","GOADa7ff41-GOAD-DC01",639031649528138900,"1/4/2026, 11:07:47.115 PM","1/4/2026, 11:07:47.115 PM",,Endpoint,,Server,"Domain Joined",,,,Onboarded,WindowsServer2019,1809,,Active,false,,,Medium,,,,,,"[""Arc""]","e0790d1a-da7c-44af-82e6-7ba7ca1d5359",,false,,7792,,,DeviceInfo
,"10.8798.17763.7792",71a0557094bd79802ccb878bb11ac78612973c24,"castelblack.north.sevenkingdoms.local",,false,"[{""UserName"":""localuser"",""DomainName"":""CASTELBLACK"",""Sid"":""S-1-5-21-2428024234-3189697923-2318280212-1000""}]",UnassignedGroup,"64-bit",17763,WindowsServer2019,"10.0","GOADa7ff41-GOAD-SRV02",639031731215346300,"1/5/2026, 1:24:14.743 AM","1/5/2026, 1:24:14.743 AM",,Endpoint,,Server,"Domain Joined",,,,Onboarded,WindowsServer2019,1809,,Active,false,,,Medium,,,,,,"[""Arc""]","dd0932af-112f-478a-a873-d64f7666785a",,false,,7792,,,DeviceInfo
,"10.8798.17763.7792",0220e4c274577c1dba179f1812d031a7757ffaae,"kingslanding.sevenkingdoms.local",,false,"[{""UserName"":""localuser"",""DomainName"":""SEVENKINGDOMS"",""Sid"":""S-1-5-21-3730121682-1558260717-1313176974-1000""}]",GOAD,"64-bit",17763,WindowsServer2019,"10.0","GOADa7ff41-GOAD-DC01",639031787498154000,"1/5/2026, 2:58:02.750 AM","1/5/2026, 2:58:02.750 AM",,Endpoint,,Server,"Domain Joined",,,,Onboarded,WindowsServer2019,1809,,Active,false,,,Medium,,,,,,"[""Arc""]","e0790d1a-da7c-44af-82e6-7ba7ca1d5359",,false,,7792,,,DeviceInfo
,"10.8798.17763.7792",536672e83b4ef2f109c5d44e37a947eedcfb6b4b,"winterfell.north.sevenkingdoms.local",,false,"[{""UserName"":""localuser"",""DomainName"":""NORTH"",""Sid"":""S-1-5-21-2975077076-1813412092-533620653-1000""}]",UnassignedGroup,"64-bit",17763,WindowsServer2019,"10.0","GOADa7ff41-GOAD-DC02",639031788459955300,"1/5/2026, 2:59:50.805 AM","1/5/2026, 2:59:50.805 AM",,Endpoint,,Server,"Domain Joined",,,,Onboarded,WindowsServer2019,1809,,Active,false,,,Medium,,,,,,"[""Arc""]","b5d0c01c-bf08-4354-8e81-9412ae4ffb7e",,false,,7792,,,DeviceInfo
,"10.8798.17763.7792",0220e4c274577c1dba179f1812d031a7757ffaae,"kingslanding.sevenkingdoms.local",,false,"[{""UserName"":""localuser"",""DomainName"":""SEVENKINGDOMS"",""Sid"":""S-1-5-21-3730121682-1558260717-1313176974-1000""}]",GOAD,"64-bit",17763,WindowsServer2019,"10.0","GOADa7ff41-GOAD-DC01",639031823220735000,"1/5/2026, 3:58:08.266 AM","1/5/2026, 3:58:08.266 AM",,Endpoint,,Server,"Domain Joined",,,,Onboarded,WindowsServer2019,1809,,Active,false,,,Medium,,,,,,"[""Arc""]","e0790d1a-da7c-44af-82e6-7ba7ca1d5359",,false,,7792,,,DeviceInfo
,"10.8798.17763.7792",536672e83b4ef2f109c5d44e37a947eedcfb6b4b,"winterfell.north.sevenkingdoms.local",,false,"[{""UserName"":""localuser"",""DomainName"":""NORTH"",""Sid"":""S-1-5-21-2975077076-1813412092-533620653-1000""}]",UnassignedGroup,"64-bit",17763,WindowsServer2019,"10.0","GOADa7ff41-GOAD-DC02",639031824419453600,"1/5/2026, 3:59:52.585 AM","1/5/2026, 3:59:52.585 AM",,Endpoint,,Server,"Domain Joined",,,,Onboarded,WindowsServer2019,1809,,Active,false,,,Medium,,,,,,"[""Arc""]","b5d0c01c-bf08-4354-8e81-9412ae4ffb7e",,false,,7792,,,DeviceInfo
,"10.8798.17763.7792",71a0557094bd79802ccb878bb11ac78612973c24,"castelblack.north.sevenkingdoms.local",,false,"[{""UserName"":""localuser"",""DomainName"":""CASTELBLACK"",""Sid"":""S-1-5-21-2428024234-3189697923-2318280212-1000""}]",UnassignedGroup,"64-bit",17763,WindowsServer2019,"10.0","GOADa7ff41-GOAD-SRV02",639031839052998000,"1/5/2026, 4:24:22.950 AM","1/5/2026, 4:24:22.950 AM",,Endpoint,,Server,"Domain Joined",,,,Onboarded,WindowsServer2019,1809,,Active,false,,,Medium,,,,,,"[""Arc""]","dd0932af-112f-478a-a873-d64f7666785a",,false,,7792,,,DeviceInfo
,"10.8798.17763.7792",0220e4c274577c1dba179f1812d031a7757ffaae,"kingslanding.sevenkingdoms.local",,false,"[{""UserName"":""localuser"",""DomainName"":""SEVENKINGDOMS"",""Sid"":""S-1-5-21-3730121682-1558260717-1313176974-1000""}]",GOAD,"64-bit",17763,WindowsServer2019,"10.0","GOADa7ff41-GOAD-DC01",639032007934290000,"1/5/2026, 8:52:19.319 AM","1/5/2026, 8:52:19.319 AM",,Endpoint,,Server,"Domain Joined",,,,Onboarded,WindowsServer2019,1809,,Active,false,,,Medium,,,,,,"[""Arc""]","e0790d1a-da7c-44af-82e6-7ba7ca1d5359",,false,,7792,,,DeviceInfo
,"10.8798.17763.7792",536672e83b4ef2f109c5d44e37a947eedcfb6b4b,"winterfell.north.sevenkingdoms.local",,false,"[{""UserName"":""localuser"",""DomainName"":""NORTH"",""Sid"":""S-1-5-21-2975077076-1813412092-533620653-1000""}]",UnassignedGroup,"64-bit",17763,WindowsServer2019,"10.0","GOADa7ff41-GOAD-DC02",639032016980681600,"1/5/2026, 9:12:56.362 AM","1/5/2026, 9:12:56.362 AM",,Endpoint,,Server,"Domain Joined",,,,Onboarded,WindowsServer2019,1809,,Active,false,,,Medium,,,,,,"[""Arc""]","b5d0c01c-bf08-4354-8e81-9412ae4ffb7e",,false,,7792,,,DeviceInfo
,"10.8798.17763.7792",0220e4c274577c1dba179f1812d031a7757ffaae,"kingslanding.sevenkingdoms.local",,false,"[{""UserName"":""localuser"",""DomainName"":""SEVENKINGDOMS"",""Sid"":""S-1-5-21-3730121682-1558260717-1313176974-1000""}]",GOAD,"64-bit",17763,WindowsServer2019,"10.0","GOADa7ff41-GOAD-DC01",639032037063411600,"1/5/2026, 9:54:13.911 AM","1/5/2026, 9:54:13.911 AM",,Endpoint,,Server,"Domain Joined",,,,Onboarded,WindowsServer2019,1809,,Active,false,,,Medium,,,,,,"[""Arc""]","e0790d1a-da7c-44af-82e6-7ba7ca1d5359",,false,,7792,,,DeviceInfo
,"10.8798.17763.7792",71a0557094bd79802ccb878bb11ac78612973c24,"castelblack.north.sevenkingdoms.local",,false,"[{""UserName"":""localuser"",""DomainName"":""CASTELBLACK"",""Sid"":""S-1-5-21-2428024234-3189697923-2318280212-1000""}]",UnassignedGroup,"64-bit",17763,WindowsServer2019,"10.0","GOADa7ff41-GOAD-SRV02",639032082743860500,"1/5/2026, 11:10:14.755 AM","1/5/2026, 11:10:14.755 AM",,Endpoint,,Server,"Domain Joined",,,,Onboarded,WindowsServer2019,1809,,Active,false,,,Medium,,,,,,"[""Arc""]","dd0932af-112f-478a-a873-d64f7666785a",,false,,7792,,,DeviceInfo
,"10.8798.17763.7792",0220e4c274577c1dba179f1812d031a7757ffaae,"kingslanding.sevenkingdoms.local",,false,"[{""UserName"":""localuser"",""DomainName"":""SEVENKINGDOMS"",""Sid"":""S-1-5-21-3730121682-1558260717-1313176974-1000""}]",GOAD,"64-bit",17763,WindowsServer2019,"10.0","GOADa7ff41-GOAD-DC01",639032105834933000,"1/5/2026, 11:49:21.997 AM","1/5/2026, 11:49:21.997 AM",,Endpoint,,Server,"Domain Joined",,,,Onboarded,WindowsServer2019,1809,,Active,false,,,Medium,,,,,,"[""Arc""]","e0790d1a-da7c-44af-82e6-7ba7ca1d5359",,false,,7792,,,DeviceInfo
,"10.8798.17763.7792",71a0557094bd79802ccb878bb11ac78612973c24,"castelblack.north.sevenkingdoms.local",,false,"[{""UserName"":""localuser"",""DomainName"":""CASTELBLACK"",""Sid"":""S-1-5-21-2428024234-3189697923-2318280212-1000""}]",UnassignedGroup,"64-bit",17763,WindowsServer2019,"10.0","GOADa7ff41-GOAD-SRV02",639032154957999600,"1/5/2026, 1:10:33.427 PM","1/5/2026, 1:10:33.427 PM",,Endpoint,,Server,"Domain Joined",,,,Onboarded,WindowsServer2019,1809,,Active,false,,,Medium,,,,,,"[""Arc""]","dd0932af-112f-478a-a873-d64f7666785a",,false,,7792,,,DeviceInfo
,"10.8798.17763.7792",0220e4c274577c1dba179f1812d031a7757ffaae,"kingslanding.sevenkingdoms.local",,false,"[{""UserName"":""localuser"",""DomainName"":""SEVENKINGDOMS"",""Sid"":""S-1-5-21-3730121682-1558260717-1313176974-1000""}]",GOAD,"64-bit",17763,WindowsServer2019,"10.0","GOADa7ff41-GOAD-DC01",639032238170637200,"1/5/2026, 3:29:45.562 PM","1/5/2026, 3:29:45.562 PM",,Endpoint,,Server,"Domain Joined",,,,Onboarded,WindowsServer2019,1809,,Active,false,,,Medium,,,,,,"[""Arc""]","e0790d1a-da7c-44af-82e6-7ba7ca1d5359",,false,,7792,,,DeviceInfo
,"10.8798.17763.7792",536672e83b4ef2f109c5d44e37a947eedcfb6b4b,"winterfell.north.sevenkingdoms.local",,false,"[{""UserName"":""localuser"",""DomainName"":""NORTH"",""Sid"":""S-1-5-21-2975077076-1813412092-533620653-1000""}]",UnassignedGroup,"64-bit",17763,WindowsServer2019,"10.0","GOADa7ff41-GOAD-DC02",639031571839137200,"1/4/2026, 8:59:22.654 PM","1/4/2026, 8:59:22.654 PM",,Endpoint,,Server,"Domain Joined",,,,Onboarded,WindowsServer2019,1809,,Active,false,,,Medium,,,,,,"[""Arc""]","b5d0c01c-bf08-4354-8e81-9412ae4ffb7e",,false,,7792,,,DeviceInfo
,"10.8798.17763.7792",71a0557094bd79802ccb878bb11ac78612973c24,"castelblack.north.sevenkingdoms.local",,false,"[{""UserName"":""localuser"",""DomainName"":""CASTELBLACK"",""Sid"":""S-1-5-21-2428024234-3189697923-2318280212-1000""}]",UnassignedGroup,"64-bit",17763,WindowsServer2019,"10.0","GOADa7ff41-GOAD-SRV02",639032335128329200,"1/5/2026, 6:11:00.453 PM","1/5/2026, 6:11:00.453 PM",,Endpoint,,Server,"Domain Joined",,,,Onboarded,WindowsServer2019,1809,,Active,false,,,Medium,,,,,,"[""Arc""]","dd0932af-112f-478a-a873-d64f7666785a",,false,,7792,,,DeviceInfo
,"10.8798.17763.7792",0220e4c274577c1dba179f1812d031a7757ffaae,"kingslanding.sevenkingdoms.local",,false,"[{""UserName"":""localuser"",""DomainName"":""SEVENKINGDOMS"",""Sid"":""S-1-5-21-3730121682-1558260717-1313176974-1000""}]",GOAD,"64-bit",17763,WindowsServer2019,"10.0","GOADa7ff41-GOAD-DC01",639031751010466700,"1/5/2026, 1:58:00.314 AM","1/5/2026, 1:58:00.314 AM",,Endpoint,,Server,"Domain Joined",,,,Onboarded,WindowsServer2019,1809,,Active,false,,,Medium,,,,,,"[""Arc""]","e0790d1a-da7c-44af-82e6-7ba7ca1d5359",,false,,7792,,,DeviceInfo
,"10.8798.17763.7792",71a0557094bd79802ccb878bb11ac78612973c24,"castelblack.north.sevenkingdoms.local",,false,"[{""UserName"":""localuser"",""DomainName"":""CASTELBLACK"",""Sid"":""S-1-5-21-2428024234-3189697923-2318280212-1000""}]",UnassignedGroup,"64-bit",17763,WindowsServer2019,"10.0","GOADa7ff41-GOAD-SRV02",639031767139276700,"1/5/2026, 2:24:17.212 AM","1/5/2026, 2:24:17.212 AM",,Endpoint,,Server,"Domain Joined",,,,Onboarded,WindowsServer2019,1809,,Active,false,,,Medium,,,,,,"[""Arc""]","dd0932af-112f-478a-a873-d64f7666785a",,false,,7792,,,DeviceInfo
,"10.8798.17763.7792",0220e4c274577c1dba179f1812d031a7757ffaae,"kingslanding.sevenkingdoms.local",,false,"[{""UserName"":""localuser"",""DomainName"":""SEVENKINGDOMS"",""Sid"":""S-1-5-21-3730121682-1558260717-1313176974-1000""}]",GOAD,"64-bit",17763,WindowsServer2019,"10.0","GOADa7ff41-GOAD-DC01",639031859915957600,"1/5/2026, 4:58:12.376 AM","1/5/2026, 4:58:12.376 AM",,Endpoint,,Server,"Domain Joined",,,,Onboarded,WindowsServer2019,1809,,Active,false,,,Medium,,,,,,"[""Arc""]","e0790d1a-da7c-44af-82e6-7ba7ca1d5359",,false,,7792,,,DeviceInfo
,"10.8798.17763.7792",71a0557094bd79802ccb878bb11ac78612973c24,"castelblack.north.sevenkingdoms.local",,false,"[{""UserName"":""localuser"",""DomainName"":""CASTELBLACK"",""Sid"":""S-1-5-21-2428024234-3189697923-2318280212-1000""}]",UnassignedGroup,"64-bit",17763,WindowsServer2019,"10.0","GOADa7ff41-GOAD-SRV02",639032024327964500,"1/5/2026, 9:22:52.992 AM","1/5/2026, 9:22:52.992 AM",,Endpoint,,Server,"Domain Joined",,,,Onboarded,WindowsServer2019,1809,,Active,false,,,Medium,,,,,,"[""Arc""]","dd0932af-112f-478a-a873-d64f7666785a",,false,,7792,,,DeviceInfo
,"10.8798.17763.7792",71a0557094bd79802ccb878bb11ac78612973c24,"castelblack.north.sevenkingdoms.local",,false,"[{""UserName"":""localuser"",""DomainName"":""CASTELBLACK"",""Sid"":""S-1-5-21-2428024234-3189697923-2318280212-1000""}]",UnassignedGroup,"64-bit",17763,WindowsServer2019,"10.0","GOADa7ff41-GOAD-SRV02",639032046402643800,"1/5/2026, 10:10:10.632 AM","1/5/2026, 10:10:10.632 AM",,Endpoint,,Server,"Domain Joined",,,,Onboarded,WindowsServer2019,1809,,Active,false,,,Medium,,,,,,"[""Arc""]","dd0932af-112f-478a-a873-d64f7666785a",,false,,7792,,,DeviceInfo
,"10.8798.17763.7792",536672e83b4ef2f109c5d44e37a947eedcfb6b4b,"winterfell.north.sevenkingdoms.local",,false,"[{""UserName"":""localuser"",""DomainName"":""NORTH"",""Sid"":""S-1-5-21-2975077076-1813412092-533620653-1000""}]",UnassignedGroup,"64-bit",17763,WindowsServer2019,"10.0","GOADa7ff41-GOAD-DC02",639031500658540000,"1/4/2026, 6:57:56.361 PM","1/4/2026, 6:57:56.361 PM",,Endpoint,,Server,"Domain Joined",,,,Onboarded,WindowsServer2019,1809,,Active,false,,,Medium,,,,,,"[""Arc""]","b5d0c01c-bf08-4354-8e81-9412ae4ffb7e",,false,,7792,,,DeviceInfo
,"10.8798.17763.7792",0220e4c274577c1dba179f1812d031a7757ffaae,"kingslanding.sevenkingdoms.local",,false,"[{""UserName"":""localuser"",""DomainName"":""SEVENKINGDOMS"",""Sid"":""S-1-5-21-3730121682-1558260717-1313176974-1000""}]",GOAD,"64-bit",17763,WindowsServer2019,"10.0","GOADa7ff41-GOAD-DC01",639031503840921900,"1/4/2026, 7:05:29.648 PM","1/4/2026, 7:05:29.648 PM",,Endpoint,,Server,"Domain Joined",,,,Onboarded,WindowsServer2019,1809,,Active,false,,,Medium,,,,,,"[""Arc""]","e0790d1a-da7c-44af-82e6-7ba7ca1d5359",,false,,7792,,,DeviceInfo
,"10.8798.17763.7792",536672e83b4ef2f109c5d44e37a947eedcfb6b4b,"winterfell.north.sevenkingdoms.local",,false,"[{""UserName"":""localuser"",""DomainName"":""NORTH"",""Sid"":""S-1-5-21-2975077076-1813412092-533620653-1000""}]",UnassignedGroup,"64-bit",17763,WindowsServer2019,"10.0","GOADa7ff41-GOAD-DC02",639031536570285300,"1/4/2026, 7:57:56.365 PM","1/4/2026, 7:57:56.365 PM",,Endpoint,,Server,"Domain Joined",,,,Onboarded,WindowsServer2019,1809,,Active,false,,,Medium,,,,,,"[""Arc""]","b5d0c01c-bf08-4354-8e81-9412ae4ffb7e",,false,,7792,,,DeviceInfo
,"10.8798.17763.7792",71a0557094bd79802ccb878bb11ac78612973c24,"castelblack.north.sevenkingdoms.local",,false,"[{""UserName"":""localuser"",""DomainName"":""CASTELBLACK"",""Sid"":""S-1-5-21-2428024234-3189697923-2318280212-1000""}]",UnassignedGroup,"64-bit",17763,WindowsServer2019,"10.0","GOADa7ff41-GOAD-SRV02",639031588824486900,"1/4/2026, 9:22:52.984 PM","1/4/2026, 9:22:52.984 PM",,Endpoint,,Server,"Domain Joined",,,,Onboarded,WindowsServer2019,1809,,Active,false,,,Medium,,,,,,"[""Arc""]","dd0932af-112f-478a-a873-d64f7666785a",,false,,7792,,,DeviceInfo
,"10.8798.17763.7792",536672e83b4ef2f109c5d44e37a947eedcfb6b4b,"winterfell.north.sevenkingdoms.local",,false,"[{""UserName"":""localuser"",""DomainName"":""NORTH"",""Sid"":""S-1-5-21-2975077076-1813412092-533620653-1000""}]",UnassignedGroup,"64-bit",17763,WindowsServer2019,"10.0","GOADa7ff41-GOAD-DC02",639032118164927100,"1/5/2026, 12:06:19.053 PM","1/5/2026, 12:06:19.053 PM",,Endpoint,,Server,"Domain Joined",,,,Onboarded,WindowsServer2019,1809,,Active,false,,,Medium,,,,,,"[""Arc""]","b5d0c01c-bf08-4354-8e81-9412ae4ffb7e",,false,,7792,,,DeviceInfo
,"10.8798.17763.7792",71a0557094bd79802ccb878bb11ac78612973c24,"castelblack.north.sevenkingdoms.local",,false,"[{""UserName"":""localuser"",""DomainName"":""CASTELBLACK"",""Sid"":""S-1-5-21-2428024234-3189697923-2318280212-1000""}]",UnassignedGroup,"64-bit",17763,WindowsServer2019,"10.0","GOADa7ff41-GOAD-SRV02",639032118593434900,"1/5/2026, 12:10:21.399 PM","1/5/2026, 12:10:21.399 PM",,Endpoint,,Server,"Domain Joined",,,,Onboarded,WindowsServer2019,1809,,Active,false,,,Medium,,,,,,"[""Arc""]","dd0932af-112f-478a-a873-d64f7666785a",,false,,7792,,,DeviceInfo
,"10.8798.17763.7792",71a0557094bd79802ccb878bb11ac78612973c24,"castelblack.north.sevenkingdoms.local",,false,"[{""UserName"":""localuser"",""DomainName"":""CASTELBLACK"",""Sid"":""S-1-5-21-2428024234-3189697923-2318280212-1000""}]",UnassignedGroup,"64-bit",17763,WindowsServer2019,"10.0","GOADa7ff41-GOAD-SRV02",639032190983584400,"1/5/2026, 2:10:36.390 PM","1/5/2026, 2:10:36.390 PM",,Endpoint,,Server,"Domain Joined",,,,Onboarded,WindowsServer2019,1809,,Active,false,,,Medium,,,,,,"[""Arc""]","dd0932af-112f-478a-a873-d64f7666785a",,false,,7792,,,DeviceInfo
,"10.8798.17763.7792",0220e4c274577c1dba179f1812d031a7757ffaae,"kingslanding.sevenkingdoms.local",,false,"[{""UserName"":""localuser"",""DomainName"":""SEVENKINGDOMS"",""Sid"":""S-1-5-21-3730121682-1558260717-1313176974-1000""}]",GOAD,"64-bit",17763,WindowsServer2019,"10.0","GOADa7ff41-GOAD-DC01",639031540770011000,"1/4/2026, 8:07:31.785 PM","1/4/2026, 8:07:31.785 PM",,Endpoint,,Server,"Domain Joined",,,,Onboarded,WindowsServer2019,1809,,Active,false,,,Medium,,,,,,"[""Arc""]","e0790d1a-da7c-44af-82e6-7ba7ca1d5359",,false,,7792,,,DeviceInfo
,"10.8798.17763.7792",0220e4c274577c1dba179f1812d031a7757ffaae,"kingslanding.sevenkingdoms.local",,false,"[{""UserName"":""localuser"",""DomainName"":""SEVENKINGDOMS"",""Sid"":""S-1-5-21-3730121682-1558260717-1313176974-1000""}]",GOAD,"64-bit",17763,WindowsServer2019,"10.0","GOADa7ff41-GOAD-DC01",639031612952591900,"1/4/2026, 10:07:40.933 PM","1/4/2026, 10:07:40.933 PM",,Endpoint,,Server,"Domain Joined",,,,Onboarded,WindowsServer2019,1809,,Active,false,,,Medium,,,,,,"[""Arc""]","e0790d1a-da7c-44af-82e6-7ba7ca1d5359",,false,,7792,,,DeviceInfo
,"10.8798.17763.7792",0220e4c274577c1dba179f1812d031a7757ffaae,"kingslanding.sevenkingdoms.local",,false,"[{""UserName"":""localuser"",""DomainName"":""SEVENKINGDOMS"",""Sid"":""S-1-5-21-3730121682-1558260717-1313176974-1000""}]",GOAD,"64-bit",17763,WindowsServer2019,"10.0","GOADa7ff41-GOAD-DC01",639031577591233200,"1/4/2026, 9:07:35.544 PM","1/4/2026, 9:07:35.544 PM",,Endpoint,,Server,"Domain Joined",,,,Onboarded,WindowsServer2019,1809,,Active,false,,,Medium,,,,,,"[""Arc""]","e0790d1a-da7c-44af-82e6-7ba7ca1d5359",,false,,7792,,,DeviceInfo
,"10.8798.17763.7792",71a0557094bd79802ccb878bb11ac78612973c24,"castelblack.north.sevenkingdoms.local",,false,"[{""UserName"":""localuser"",""DomainName"":""CASTELBLACK"",""Sid"":""S-1-5-21-2428024234-3189697923-2318280212-1000""}]",UnassignedGroup,"64-bit",17763,WindowsServer2019,"10.0","GOADa7ff41-GOAD-SRV02",639031580829418800,"1/4/2026, 9:13:54.873 PM","1/4/2026, 9:13:54.873 PM",,Endpoint,,Server,"Domain Joined",,,,Onboarded,WindowsServer2019,1809,,Active,false,,,Medium,,,,,,"[""Arc""]","dd0932af-112f-478a-a873-d64f7666785a",,false,,7792,,,DeviceInfo
,"10.8798.17763.7792",536672e83b4ef2f109c5d44e37a947eedcfb6b4b,"winterfell.north.sevenkingdoms.local",,false,"[{""UserName"":""localuser"",""DomainName"":""NORTH"",""Sid"":""S-1-5-21-2975077076-1813412092-533620653-1000""}]",UnassignedGroup,"64-bit",17763,WindowsServer2019,"10.0","GOADa7ff41-GOAD-DC02",639031680270642300,"1/4/2026, 11:59:39.355 PM","1/4/2026, 11:59:39.355 PM",,Endpoint,,Server,"Domain Joined",,,,Onboarded,WindowsServer2019,1809,,Active,false,,,Medium,,,,,,"[""Arc""]","b5d0c01c-bf08-4354-8e81-9412ae4ffb7e",,false,,7792,,,DeviceInfo
,"10.8798.17763.7792",536672e83b4ef2f109c5d44e37a947eedcfb6b4b,"winterfell.north.sevenkingdoms.local",,false,"[{""UserName"":""localuser"",""DomainName"":""NORTH"",""Sid"":""S-1-5-21-2975077076-1813412092-533620653-1000""}]",UnassignedGroup,"64-bit",17763,WindowsServer2019,"10.0","GOADa7ff41-GOAD-DC02",639031681898755100,"1/4/2026, 11:59:39.355 PM","1/4/2026, 11:59:39.355 PM",,Endpoint,,Server,"Domain Joined",,,,Onboarded,WindowsServer2019,1809,,Active,false,,,Medium,,,,,,"[""Arc""]","b5d0c01c-bf08-4354-8e81-9412ae4ffb7e",,false,,7792,,,DeviceInfo
,"10.8798.17763.7792",536672e83b4ef2f109c5d44e37a947eedcfb6b4b,"winterfell.north.sevenkingdoms.local",,false,"[{""UserName"":""localuser"",""DomainName"":""NORTH"",""Sid"":""S-1-5-21-2975077076-1813412092-533620653-1000""}]",UnassignedGroup,"64-bit",17763,WindowsServer2019,"10.0","GOADa7ff41-GOAD-DC02",639032257754573800,"1/5/2026, 4:01:42.083 PM","1/5/2026, 4:01:42.083 PM",,Endpoint,,Server,"Domain Joined",,,,Onboarded,WindowsServer2019,1809,,Active,false,,,Medium,,,,,,"[""Arc""]","b5d0c01c-bf08-4354-8e81-9412ae4ffb7e",,false,,7792,,,DeviceInfo
,"10.8798.17763.7792",71a0557094bd79802ccb878bb11ac78612973c24,"castelblack.north.sevenkingdoms.local",,false,"[{""UserName"":""localuser"",""DomainName"":""CASTELBLACK"",""Sid"":""S-1-5-21-2428024234-3189697923-2318280212-1000""}]",UnassignedGroup,"64-bit",17763,WindowsServer2019,"10.0","GOADa7ff41-GOAD-SRV02",639031622998654800,"1/4/2026, 10:24:03.567 PM","1/4/2026, 10:24:03.567 PM",,Endpoint,,Server,"Domain Joined",,,,Onboarded,WindowsServer2019,1809,,Active,false,,,Medium,,,,,,"[""Arc""]","dd0932af-112f-478a-a873-d64f7666785a",,false,,7792,,,DeviceInfo
,"10.8798.17763.7792",536672e83b4ef2f109c5d44e37a947eedcfb6b4b,"winterfell.north.sevenkingdoms.local",,false,"[{""UserName"":""localuser"",""DomainName"":""NORTH"",""Sid"":""S-1-5-21-2975077076-1813412092-533620653-1000""}]",UnassignedGroup,"64-bit",17763,WindowsServer2019,"10.0","GOADa7ff41-GOAD-DC02",639031644053130900,"1/4/2026, 10:59:33.267 PM","1/4/2026, 10:59:33.267 PM",,Endpoint,,Server,"Domain Joined",,,,Onboarded,WindowsServer2019,1809,,Active,false,,,Medium,,,,,,"[""Arc""]","b5d0c01c-bf08-4354-8e81-9412ae4ffb7e",,false,,7792,,,DeviceInfo
,"10.8798.17763.7792",71a0557094bd79802ccb878bb11ac78612973c24,"castelblack.north.sevenkingdoms.local",,false,"[{""UserName"":""localuser"",""DomainName"":""CASTELBLACK"",""Sid"":""S-1-5-21-2428024234-3189697923-2318280212-1000""}]",UnassignedGroup,"64-bit",17763,WindowsServer2019,"10.0","GOADa7ff41-GOAD-SRV02",639031695184836900,"1/5/2026, 12:24:12.953 AM","1/5/2026, 12:24:12.953 AM",,Endpoint,,Server,"Domain Joined",,,,Onboarded,WindowsServer2019,1809,,Active,false,,,Medium,,,,,,"[""Arc""]","dd0932af-112f-478a-a873-d64f7666785a",,false,,7792,,,DeviceInfo
,"10.8798.17763.7792",71a0557094bd79802ccb878bb11ac78612973c24,"castelblack.north.sevenkingdoms.local",,false,"[{""UserName"":""localuser"",""DomainName"":""CASTELBLACK"",""Sid"":""S-1-5-21-2428024234-3189697923-2318280212-1000""}]",UnassignedGroup,"64-bit",17763,WindowsServer2019,"10.0","GOADa7ff41-GOAD-SRV02",639031659521224000,"1/4/2026, 11:24:08.840 PM","1/4/2026, 11:24:08.840 PM",,Endpoint,,Server,"Domain Joined",,,,Onboarded,WindowsServer2019,1809,,Active,false,,,Medium,,,,,,"[""Arc""]","dd0932af-112f-478a-a873-d64f7666785a",,false,,7792,,,DeviceInfo
,"10.8798.17763.7792",0220e4c274577c1dba179f1812d031a7757ffaae,"kingslanding.sevenkingdoms.local",,false,"[{""UserName"":""localuser"",""DomainName"":""SEVENKINGDOMS"",""Sid"":""S-1-5-21-3730121682-1558260717-1313176974-1000""}]",GOAD,"64-bit",17763,WindowsServer2019,"10.0","GOADa7ff41-GOAD-DC01",639032274371399600,"1/5/2026, 4:30:08.537 PM","1/5/2026, 4:30:08.537 PM",,Endpoint,,Server,"Domain Joined",,,,Onboarded,WindowsServer2019,1809,,Active,false,,,Medium,,,,,,"[""Arc""]","e0790d1a-da7c-44af-82e6-7ba7ca1d5359",,false,,7792,,,DeviceInfo
,"10.8798.17763.7792",0220e4c274577c1dba179f1812d031a7757ffaae,"kingslanding.sevenkingdoms.local",,false,"[{""UserName"":""localuser"",""DomainName"":""SEVENKINGDOMS"",""Sid"":""S-1-5-21-3730121682-1558260717-1313176974-1000""}]",GOAD,"64-bit",17763,WindowsServer2019,"10.0","GOADa7ff41-GOAD-DC01",639031717873687600,"1/5/2026, 12:54:31.530 AM","1/5/2026, 12:54:31.530 AM",,Endpoint,,Server,"Domain Joined",,,,Onboarded,WindowsServer2019,1809,,Active,false,,,Medium,,,,,,"[""Arc""]","e0790d1a-da7c-44af-82e6-7ba7ca1d5359",,false,,7792,,,DeviceInfo
,"10.8798.17763.7792",536672e83b4ef2f109c5d44e37a947eedcfb6b4b,"winterfell.north.sevenkingdoms.local",,false,"[{""UserName"":""localuser"",""DomainName"":""NORTH"",""Sid"":""S-1-5-21-2975077076-1813412092-533620653-1000""}]",UnassignedGroup,"64-bit",17763,WindowsServer2019,"10.0","GOADa7ff41-GOAD-DC02",639031716488979000,"1/5/2026, 12:59:42.074 AM","1/5/2026, 12:59:42.074 AM",,Endpoint,,Server,"Domain Joined",,,,Onboarded,WindowsServer2019,1809,,Active,false,,,Medium,,,,,,"[""Arc""]","b5d0c01c-bf08-4354-8e81-9412ae4ffb7e",,false,,7792,,,DeviceInfo
,"10.8798.17763.7792",0220e4c274577c1dba179f1812d031a7757ffaae,"kingslanding.sevenkingdoms.local",,false,"[{""UserName"":""localuser"",""DomainName"":""SEVENKINGDOMS"",""Sid"":""S-1-5-21-3730121682-1558260717-1313176974-1000""}]",GOAD,"64-bit",17763,WindowsServer2019,"10.0","GOADa7ff41-GOAD-DC01",639031685322929900,"1/5/2026, 12:07:49.404 AM","1/5/2026, 12:07:49.404 AM",,Endpoint,,Server,"Domain Joined",,,,Onboarded,WindowsServer2019,1809,,Active,false,,,Medium,,,,,,"[""Arc""]","e0790d1a-da7c-44af-82e6-7ba7ca1d5359",,false,,7792,,,DeviceInfo
,"10.8798.17763.7792",536672e83b4ef2f109c5d44e37a947eedcfb6b4b,"winterfell.north.sevenkingdoms.local",,false,"[{""UserName"":""localuser"",""DomainName"":""NORTH"",""Sid"":""S-1-5-21-2975077076-1813412092-533620653-1000""}]",UnassignedGroup,"64-bit",17763,WindowsServer2019,"10.0","GOADa7ff41-GOAD-DC02",639031752551095700,"1/5/2026, 1:59:47.468 AM","1/5/2026, 1:59:47.468 AM",,Endpoint,,Server,"Domain Joined",,,,Onboarded,WindowsServer2019,1809,,Active,false,,,Medium,,,,,,"[""Arc""]","b5d0c01c-bf08-4354-8e81-9412ae4ffb7e",,false,,7792,,,DeviceInfo
,"10.8798.17763.7792",536672e83b4ef2f109c5d44e37a947eedcfb6b4b,"winterfell.north.sevenkingdoms.local",,false,"[{""UserName"":""localuser"",""DomainName"":""NORTH"",""Sid"":""S-1-5-21-2975077076-1813412092-533620653-1000""}]",UnassignedGroup,"64-bit",17763,WindowsServer2019,"10.0","GOADa7ff41-GOAD-DC02",639032294161527200,"1/5/2026, 5:01:55.711 PM","1/5/2026, 5:01:55.711 PM",,Endpoint,,Server,"Domain Joined",,,,Onboarded,WindowsServer2019,1809,,Active,false,,,Medium,,,,,,"[""Arc""]","b5d0c01c-bf08-4354-8e81-9412ae4ffb7e",,false,,7792,,,DeviceInfo
,"10.8798.17763.7792",0220e4c274577c1dba179f1812d031a7757ffaae,"kingslanding.sevenkingdoms.local",,false,"[{""UserName"":""localuser"",""DomainName"":""SEVENKINGDOMS"",""Sid"":""S-1-5-21-3730121682-1558260717-1313176974-1000""}]",GOAD,"64-bit",17763,WindowsServer2019,"10.0","GOADa7ff41-GOAD-DC01",639032310525179900,"1/5/2026, 5:30:12.139 PM","1/5/2026, 5:30:12.139 PM",,Endpoint,,Server,"Domain Joined",,,,Onboarded,WindowsServer2019,1809,,Active,false,,,Medium,,,,,,"[""Arc""]","e0790d1a-da7c-44af-82e6-7ba7ca1d5359",,false,,7792,,,DeviceInfo
,"10.8798.17763.7792",71a0557094bd79802ccb878bb11ac78612973c24,"castelblack.north.sevenkingdoms.local",,false,"[{""UserName"":""localuser"",""DomainName"":""CASTELBLACK"",""Sid"":""S-1-5-21-2428024234-3189697923-2318280212-1000""}]",UnassignedGroup,"64-bit",17763,WindowsServer2019,"10.0","GOADa7ff41-GOAD-SRV02",639031802911807000,"1/5/2026, 3:24:20.605 AM","1/5/2026, 3:24:20.605 AM",,Endpoint,,Server,"Domain Joined",,,,Onboarded,WindowsServer2019,1809,,Active,false,,,Medium,,,,,,"[""Arc""]","dd0932af-112f-478a-a873-d64f7666785a",,false,,7792,,,DeviceInfo
,"10.8798.17763.7792",536672e83b4ef2f109c5d44e37a947eedcfb6b4b,"winterfell.north.sevenkingdoms.local",,false,"[{""UserName"":""localuser"",""DomainName"":""NORTH"",""Sid"":""S-1-5-21-2975077076-1813412092-533620653-1000""}]",UnassignedGroup,"64-bit",17763,WindowsServer2019,"10.0","GOADa7ff41-GOAD-DC02",639031860462570200,"1/5/2026, 4:59:57.022 AM","1/5/2026, 4:59:57.022 AM",,Endpoint,,Server,"Domain Joined",,,,Onboarded,WindowsServer2019,1809,,Active,false,,,Medium,,,,,,"[""Arc""]","b5d0c01c-bf08-4354-8e81-9412ae4ffb7e",,false,,7792,,,DeviceInfo
,"10.8798.17763.7792",71a0557094bd79802ccb878bb11ac78612973c24,"castelblack.north.sevenkingdoms.local",,false,"[{""UserName"":""localuser"",""DomainName"":""CASTELBLACK"",""Sid"":""S-1-5-21-2428024234-3189697923-2318280212-1000""}]",UnassignedGroup,"64-bit",17763,WindowsServer2019,"10.0","GOADa7ff41-GOAD-SRV02",639031875132570500,"1/5/2026, 5:24:28.851 AM","1/5/2026, 5:24:28.851 AM",,Endpoint,,Server,"Domain Joined",,,,Onboarded,WindowsServer2019,1809,,Active,false,,,Medium,,,,,,"[""Arc""]","dd0932af-112f-478a-a873-d64f7666785a",,false,,7792,,,DeviceInfo
,"10.8798.17763.7792",71a0557094bd79802ccb878bb11ac78612973c24,"castelblack.north.sevenkingdoms.local",,false,"[{""UserName"":""localuser"",""DomainName"":""CASTELBLACK"",""Sid"":""S-1-5-21-2428024234-3189697923-2318280212-1000""}]",UnassignedGroup,"64-bit",17763,WindowsServer2019,"10.0","GOADa7ff41-GOAD-SRV02",639031910922076300,"1/5/2026, 6:24:34.012 AM","1/5/2026, 6:24:34.012 AM",,Endpoint,,Server,"Domain Joined",,,,Onboarded,WindowsServer2019,1809,,Active,false,,,Medium,,,,,,"[""Arc""]","dd0932af-112f-478a-a873-d64f7666785a",,false,,7792,,,DeviceInfo
,"10.8798.17763.7792",0220e4c274577c1dba179f1812d031a7757ffaae,"kingslanding.sevenkingdoms.local",,false,"[{""UserName"":""localuser"",""DomainName"":""SEVENKINGDOMS"",""Sid"":""S-1-5-21-3730121682-1558260717-1313176974-1000""}]",GOAD,"64-bit",17763,WindowsServer2019,"10.0","GOADa7ff41-GOAD-DC01",639031931779129500,"1/5/2026, 6:58:21.317 AM","1/5/2026, 6:58:21.317 AM",,Endpoint,,Server,"Domain Joined",,,,Onboarded,WindowsServer2019,1809,,Active,false,,,Medium,,,,,,"[""Arc""]","e0790d1a-da7c-44af-82e6-7ba7ca1d5359",,false,,7792,,,DeviceInfo
,"10.8798.17763.7792",536672e83b4ef2f109c5d44e37a947eedcfb6b4b,"winterfell.north.sevenkingdoms.local",,false,"[{""UserName"":""localuser"",""DomainName"":""NORTH"",""Sid"":""S-1-5-21-2975077076-1813412092-533620653-1000""}]",UnassignedGroup,"64-bit",17763,WindowsServer2019,"10.0","GOADa7ff41-GOAD-DC02",639031932388276400,"1/5/2026, 7:00:03.146 AM","1/5/2026, 7:00:03.146 AM",,Endpoint,,Server,"Domain Joined",,,,Onboarded,WindowsServer2019,1809,,Active,false,,,Medium,,,,,,"[""Arc""]","b5d0c01c-bf08-4354-8e81-9412ae4ffb7e",,false,,7792,,,DeviceInfo
,"10.8798.17763.7792",0220e4c274577c1dba179f1812d031a7757ffaae,"kingslanding.sevenkingdoms.local",,false,"[{""UserName"":""localuser"",""DomainName"":""SEVENKINGDOMS"",""Sid"":""S-1-5-21-3730121682-1558260717-1313176974-1000""}]",GOAD,"64-bit",17763,WindowsServer2019,"10.0","GOADa7ff41-GOAD-DC01",639032346496562800,"1/5/2026, 6:30:15.296 PM","1/5/2026, 6:30:15.296 PM",,Endpoint,,Server,"Domain Joined",,,,Onboarded,WindowsServer2019,1809,,Active,false,,,Medium,,,,,,"[""Arc""]","e0790d1a-da7c-44af-82e6-7ba7ca1d5359",,false,,7792,,,DeviceInfo
,"10.8798.17763.7792",0220e4c274577c1dba179f1812d031a7757ffaae,"kingslanding.sevenkingdoms.local",,false,"[{""UserName"":""localuser"",""DomainName"":""SEVENKINGDOMS"",""Sid"":""S-1-5-21-3730121682-1558260717-1313176974-1000""}]",GOAD,"64-bit",17763,WindowsServer2019,"10.0","GOADa7ff41-GOAD-DC01",639031895524960600,"1/5/2026, 5:58:14.496 AM","1/5/2026, 5:58:14.496 AM",,Endpoint,,Server,"Domain Joined",,,,Onboarded,WindowsServer2019,1809,,Active,false,,,Medium,,,,,,"[""Arc""]","e0790d1a-da7c-44af-82e6-7ba7ca1d5359",,false,,7792,,,DeviceInfo
,"10.8798.17763.7792",536672e83b4ef2f109c5d44e37a947eedcfb6b4b,"winterfell.north.sevenkingdoms.local",,false,"[{""UserName"":""localuser"",""DomainName"":""NORTH"",""Sid"":""S-1-5-21-2975077076-1813412092-533620653-1000""}]",UnassignedGroup,"64-bit",17763,WindowsServer2019,"10.0","GOADa7ff41-GOAD-DC02",639031896351028400,"1/5/2026, 6:00:00.326 AM","1/5/2026, 6:00:00.326 AM",,Endpoint,,Server,"Domain Joined",,,,Onboarded,WindowsServer2019,1809,,Active,false,,,Medium,,,,,,"[""Arc""]","b5d0c01c-bf08-4354-8e81-9412ae4ffb7e",,false,,7792,,,DeviceInfo
,"10.8798.17763.7792",536672e83b4ef2f109c5d44e37a947eedcfb6b4b,"winterfell.north.sevenkingdoms.local",,false,"[{""UserName"":""localuser"",""DomainName"":""NORTH"",""Sid"":""S-1-5-21-2975077076-1813412092-533620653-1000""}]",UnassignedGroup,"64-bit",17763,WindowsServer2019,"10.0","GOADa7ff41-GOAD-DC02",639031968276010500,"1/5/2026, 8:00:13.521 AM","1/5/2026, 8:00:13.521 AM",,Endpoint,,Server,"Domain Joined",,,,Onboarded,WindowsServer2019,1809,,Active,false,,,Medium,,,,,,"[""Arc""]","b5d0c01c-bf08-4354-8e81-9412ae4ffb7e",,false,,7792,,,DeviceInfo
,"10.8798.17763.7792",71a0557094bd79802ccb878bb11ac78612973c24,"castelblack.north.sevenkingdoms.local",,false,"[{""UserName"":""localuser"",""DomainName"":""CASTELBLACK"",""Sid"":""S-1-5-21-2428024234-3189697923-2318280212-1000""}]",UnassignedGroup,"64-bit",17763,WindowsServer2019,"10.0","GOADa7ff41-GOAD-SRV02",639031947484357800,"1/5/2026, 7:24:42.930 AM","1/5/2026, 7:24:42.930 AM",,Endpoint,,Server,"Domain Joined",,,,Onboarded,WindowsServer2019,1809,,Active,false,,,Medium,,,,,,"[""Arc""]","dd0932af-112f-478a-a873-d64f7666785a",,false,,7792,,,DeviceInfo
,"10.8798.17763.7792",71a0557094bd79802ccb878bb11ac78612973c24,"castelblack.north.sevenkingdoms.local",,false,"[{""UserName"":""localuser"",""DomainName"":""CASTELBLACK"",""Sid"":""S-1-5-21-2428024234-3189697923-2318280212-1000""}]",UnassignedGroup,"64-bit",17763,WindowsServer2019,"10.0","GOADa7ff41-GOAD-SRV02",639031985673808900,"1/5/2026, 8:24:49.624 AM","1/5/2026, 8:24:49.624 AM",,Endpoint,,Server,"Domain Joined",,,,Onboarded,WindowsServer2019,1809,,Active,false,,,Medium,,,,,,"[""Arc""]","dd0932af-112f-478a-a873-d64f7666785a",,false,,7792,,,DeviceInfo
,"10.8798.17763.7792",0220e4c274577c1dba179f1812d031a7757ffaae,"kingslanding.sevenkingdoms.local",,false,"[{""UserName"":""localuser"",""DomainName"":""SEVENKINGDOMS"",""Sid"":""S-1-5-21-3730121682-1558260717-1313176974-1000""}]",GOAD,"64-bit",17763,WindowsServer2019,"10.0","GOADa7ff41-GOAD-DC01",639031968206038100,"1/5/2026, 7:58:42.105 AM","1/5/2026, 7:58:42.105 AM",,Endpoint,,Server,"Domain Joined",,,,Onboarded,WindowsServer2019,1809,,Active,false,,,Medium,,,,,,"[""Arc""]","e0790d1a-da7c-44af-82e6-7ba7ca1d5359",,false,,7792,,,DeviceInfo
,"10.8798.17763.7792",536672e83b4ef2f109c5d44e37a947eedcfb6b4b,"winterfell.north.sevenkingdoms.local",,false,"[{""UserName"":""localuser"",""DomainName"":""NORTH"",""Sid"":""S-1-5-21-2975077076-1813412092-533620653-1000""}]",UnassignedGroup,"64-bit",17763,WindowsServer2019,"10.0","GOADa7ff41-GOAD-DC02",639032004825380000,"1/5/2026, 9:00:46.948 AM","1/5/2026, 9:00:46.948 AM",,Endpoint,,Server,"Domain Joined",,,,Onboarded,WindowsServer2019,1809,,Active,false,,,Medium,,,,,,"[""Arc""]","b5d0c01c-bf08-4354-8e81-9412ae4ffb7e",,false,,7792,,,DeviceInfo
,"10.8798.17763.7792",71a0557094bd79802ccb878bb11ac78612973c24,"castelblack.north.sevenkingdoms.local",,false,"[{""UserName"":""localuser"",""DomainName"":""CASTELBLACK"",""Sid"":""S-1-5-21-2428024234-3189697923-2318280212-1000""}]",UnassignedGroup,"64-bit",17763,WindowsServer2019,"10.0","GOADa7ff41-GOAD-SRV02",639032013058426600,"1/5/2026, 8:52:52.995 AM","1/5/2026, 8:52:52.995 AM",,Endpoint,,Server,"Domain Joined",,,,Onboarded,WindowsServer2019,1809,,Active,false,,,Medium,,,,,,"[""Arc""]","dd0932af-112f-478a-a873-d64f7666785a",,false,,7792,,,DeviceInfo
,"10.8798.17763.7792",536672e83b4ef2f109c5d44e37a947eedcfb6b4b,"winterfell.north.sevenkingdoms.local",,false,"[{""UserName"":""localuser"",""DomainName"":""NORTH"",""Sid"":""S-1-5-21-2975077076-1813412092-533620653-1000""}]",UnassignedGroup,"64-bit",17763,WindowsServer2019,"10.0","GOADa7ff41-GOAD-DC02",639032050053632500,"1/5/2026, 10:16:02.859 AM","1/5/2026, 10:16:02.859 AM",,Endpoint,,Server,"Domain Joined",,,,Onboarded,WindowsServer2019,1809,,Active,false,,,Medium,,,,,,"[""Arc""]","b5d0c01c-bf08-4354-8e81-9412ae4ffb7e",,false,,7792,,,DeviceInfo
,"10.8798.17763.7792",0220e4c274577c1dba179f1812d031a7757ffaae,"kingslanding.sevenkingdoms.local",,false,"[{""UserName"":""localuser"",""DomainName"":""SEVENKINGDOMS"",""Sid"":""S-1-5-21-3730121682-1558260717-1313176974-1000""}]",GOAD,"64-bit",17763,WindowsServer2019,"10.0","GOADa7ff41-GOAD-DC01",639032069781744600,"1/5/2026, 10:49:15.710 AM","1/5/2026, 10:49:15.710 AM",,Endpoint,,Server,"Domain Joined",,,,Onboarded,WindowsServer2019,1809,,Active,false,,,Medium,,,,,,"[""Arc""]","e0790d1a-da7c-44af-82e6-7ba7ca1d5359",,false,,7792,,,DeviceInfo
,"10.8798.17763.7792",0220e4c274577c1dba179f1812d031a7757ffaae,"kingslanding.sevenkingdoms.local",,false,"[{""UserName"":""localuser"",""DomainName"":""SEVENKINGDOMS"",""Sid"":""S-1-5-21-3730121682-1558260717-1313176974-1000""}]",GOAD,"64-bit",17763,WindowsServer2019,"10.0","GOADa7ff41-GOAD-DC01",639032142412220400,"1/5/2026, 12:49:27.166 PM","1/5/2026, 12:49:27.166 PM",,Endpoint,,Server,"Domain Joined",,,,Onboarded,WindowsServer2019,1809,,Active,false,,,Medium,,,,,,"[""Arc""]","e0790d1a-da7c-44af-82e6-7ba7ca1d5359",,false,,7792,,,DeviceInfo
,"10.8798.17763.7792",536672e83b4ef2f109c5d44e37a947eedcfb6b4b,"winterfell.north.sevenkingdoms.local",,false,"[{""UserName"":""localuser"",""DomainName"":""NORTH"",""Sid"":""S-1-5-21-2975077076-1813412092-533620653-1000""}]",UnassignedGroup,"64-bit",17763,WindowsServer2019,"10.0","GOADa7ff41-GOAD-DC02",639032086131459000,"1/5/2026, 11:16:14.119 AM","1/5/2026, 11:16:14.119 AM",,Endpoint,,Server,"Domain Joined",,,,Onboarded,WindowsServer2019,1809,,Active,false,,,Medium,,,,,,"[""Arc""]","b5d0c01c-bf08-4354-8e81-9412ae4ffb7e",,false,,7792,,,DeviceInfo
,"10.8798.17763.7792",71a0557094bd79802ccb878bb11ac78612973c24,"castelblack.north.sevenkingdoms.local",,false,"[{""UserName"":""localuser"",""DomainName"":""CASTELBLACK"",""Sid"":""S-1-5-21-2428024234-3189697923-2318280212-1000""}]",UnassignedGroup,"64-bit",17763,WindowsServer2019,"10.0","GOADa7ff41-GOAD-SRV02",639032263268273300,"1/5/2026, 4:10:53.735 PM","1/5/2026, 4:10:53.735 PM",,Endpoint,,Server,"Domain Joined",,,,Onboarded,WindowsServer2019,1809,,Active,false,,,Medium,,,,,,"[""Arc""]","dd0932af-112f-478a-a873-d64f7666785a",,false,,7792,,,DeviceInfo
,"10.8798.17763.7792",71a0557094bd79802ccb878bb11ac78612973c24,"castelblack.north.sevenkingdoms.local",,false,"[{""UserName"":""localuser"",""DomainName"":""CASTELBLACK"",""Sid"":""S-1-5-21-2428024234-3189697923-2318280212-1000""}]",UnassignedGroup,"64-bit",17763,WindowsServer2019,"10.0","GOADa7ff41-GOAD-SRV02",639032299021776600,"1/5/2026, 5:10:58.108 PM","1/5/2026, 5:10:58.108 PM",,Endpoint,,Server,"Domain Joined",,,,Onboarded,WindowsServer2019,1809,,Active,false,,,Medium,,,,,,"[""Arc""]","dd0932af-112f-478a-a873-d64f7666785a",,false,,7792,,,DeviceInfo
,"10.8798.17763.7792",536672e83b4ef2f109c5d44e37a947eedcfb6b4b,"winterfell.north.sevenkingdoms.local",,false,"[{""UserName"":""localuser"",""DomainName"":""NORTH"",""Sid"":""S-1-5-21-2975077076-1813412092-533620653-1000""}]",UnassignedGroup,"64-bit",17763,WindowsServer2019,"10.0","GOADa7ff41-GOAD-DC02",639032152468146200,"1/5/2026, 1:06:22.006 PM","1/5/2026, 1:06:22.006 PM",,Endpoint,,Server,"Domain Joined",,,,Onboarded,WindowsServer2019,1809,,Active,false,,,Medium,,,,,,"[""Arc""]","b5d0c01c-bf08-4354-8e81-9412ae4ffb7e",,false,,7792,,,DeviceInfo
,"10.8798.17763.7792",0220e4c274577c1dba179f1812d031a7757ffaae,"kingslanding.sevenkingdoms.local",,false,"[{""UserName"":""localuser"",""DomainName"":""SEVENKINGDOMS"",""Sid"":""S-1-5-21-3730121682-1558260717-1313176974-1000""}]",GOAD,"64-bit",17763,WindowsServer2019,"10.0","GOADa7ff41-GOAD-DC01",639032171716397400,"1/5/2026, 1:29:26.582 PM","1/5/2026, 1:29:26.582 PM",,Endpoint,,Server,"Domain Joined",,,,Onboarded,WindowsServer2019,1809,,Active,false,,,Medium,,,,,,"[""Arc""]","e0790d1a-da7c-44af-82e6-7ba7ca1d5359",,false,,7792,,,DeviceInfo
,"10.8798.17763.7792",536672e83b4ef2f109c5d44e37a947eedcfb6b4b,"winterfell.north.sevenkingdoms.local",,false,"[{""UserName"":""localuser"",""DomainName"":""NORTH"",""Sid"":""S-1-5-21-2975077076-1813412092-533620653-1000""}]",UnassignedGroup,"64-bit",17763,WindowsServer2019,"10.0","GOADa7ff41-GOAD-DC02",639032185543829000,"1/5/2026, 1:59:48.977 PM","1/5/2026, 1:59:48.977 PM",,Endpoint,,Server,"Domain Joined",,,,Onboarded,WindowsServer2019,1809,,Active,false,,,Medium,,,,,,"[""Arc""]","b5d0c01c-bf08-4354-8e81-9412ae4ffb7e",,false,,7792,,,DeviceInfo
,"10.8798.17763.7792",0220e4c274577c1dba179f1812d031a7757ffaae,"kingslanding.sevenkingdoms.local",,false,"[{""UserName"":""localuser"",""DomainName"":""SEVENKINGDOMS"",""Sid"":""S-1-5-21-3730121682-1558260717-1313176974-1000""}]",GOAD,"64-bit",17763,WindowsServer2019,"10.0","GOADa7ff41-GOAD-DC01",639032201885694300,"1/5/2026, 2:29:35.029 PM","1/5/2026, 2:29:35.029 PM",,Endpoint,,Server,"Domain Joined",,,,Onboarded,WindowsServer2019,1809,,Active,false,,,Medium,,,,,,"[""Arc""]","e0790d1a-da7c-44af-82e6-7ba7ca1d5359",,false,,7792,,,DeviceInfo
,"10.8798.17763.7792",536672e83b4ef2f109c5d44e37a947eedcfb6b4b,"winterfell.north.sevenkingdoms.local",,false,"[{""UserName"":""localuser"",""DomainName"":""NORTH"",""Sid"":""S-1-5-21-2975077076-1813412092-533620653-1000""}]",UnassignedGroup,"64-bit",17763,WindowsServer2019,"10.0","GOADa7ff41-GOAD-DC02",639032221289254000,"1/5/2026, 3:01:37.765 PM","1/5/2026, 3:01:37.765 PM",,Endpoint,,Server,"Domain Joined",,,,Onboarded,WindowsServer2019,1809,,Active,false,,,Medium,,,,,,"[""Arc""]","b5d0c01c-bf08-4354-8e81-9412ae4ffb7e",,false,,7792,,,DeviceInfo
,"10.8798.17763.7792",71a0557094bd79802ccb878bb11ac78612973c24,"castelblack.north.sevenkingdoms.local",,false,"[{""UserName"":""localuser"",""DomainName"":""CASTELBLACK"",""Sid"":""S-1-5-21-2428024234-3189697923-2318280212-1000""}]",UnassignedGroup,"64-bit",17763,WindowsServer2019,"10.0","GOADa7ff41-GOAD-SRV02",639032227008023900,"1/5/2026, 3:10:41.154 PM","1/5/2026, 3:10:41.154 PM",,Endpoint,,Server,"Domain Joined",,,,Onboarded,WindowsServer2019,1809,,Active,false,,,Medium,,,,,,"[""Arc""]","dd0932af-112f-478a-a873-d64f7666785a",,false,,7792,,,DeviceInfo
,"10.8798.17763.7792",536672e83b4ef2f109c5d44e37a947eedcfb6b4b,"winterfell.north.sevenkingdoms.local",,false,"[{""UserName"":""localuser"",""DomainName"":""NORTH"",""Sid"":""S-1-5-21-2975077076-1813412092-533620653-1000""}]",UnassignedGroup,"64-bit",17763,WindowsServer2019,"10.0","GOADa7ff41-GOAD-DC02",639032329572754300,"1/5/2026, 6:01:59.443 PM","1/5/2026, 6:01:59.443 PM",,Endpoint,,Server,"Domain Joined",,,,Onboarded,WindowsServer2019,1809,,Active,false,,,Medium,,,,,,"[""Arc""]","b5d0c01c-bf08-4354-8e81-9412ae4ffb7e",,false,,7792,,,DeviceInfo
